id,name,created_at
1,#LifeIsGood,2024-09-23 18:52:19
2,#LoveWins,2024-06-26 04:29:35
3,#AutumnLeaves,2024-06-02 08:31:21
4,#Petstagram,2024-06-30 21:46:49
5,#TBT,2024-09-30 15:30:24
6,#SummerVibes,2024-07-03 21:43:37
7,#DIYProjects,2024-03-15 21:33:17
8,#WinterWonderland,2024-07-03 03:31:51
9,#NationalPuppyDay,2024-08-06 23:17:52
10,#FashionWeek,2024-06-23 17:19:27
11,#TravelGoals,2024-12-31 03:47:14
12,#Throwback,2024-10-10 10:44:08
13,#LoveWins,2024-10-08 02:16:23
14,#TechTrends,2024-03-07 01:30:25
15,#AutumnLeaves,2024-03-07 05:21:25
16,#TBT,2024-12-25 08:56:57
17,#TravelGoals,2024-08-24 21:03:48
18,#ThrowbackThursday,2025-01-14 16:28:03
19,#QuarantineLife,2024-06-02 03:13:23
20,#ArtOfTheDay,2024-04-28 14:15:14
21,#GoodVibesOnly,2024-08-25 06:50:51
22,#TBT,2024-03-28 09:13:16
23,#Wanderlust,2024-05-04 17:57:03
24,#NewPost,2024-10-11 15:40:59
25,#Petstagram,2024-06-29 00:30:19
26,#TechTrends,2024-08-02 10:15:12
27,#TBT,2024-08-20 06:58:20
28,#EarthDay,2024-09-01 12:38:52
29,#LiveMusic,2024-11-03 20:56:35
30,#ArtOfTheDay,2025-01-12 15:48:58
31,#FamilyFirst,2024-11-10 20:22:56
32,#ChristmasCountdown,2024-05-12 13:36:28
33,#QuarantineLife,2024-02-26 09:08:29
34,#PhotoOfTheDay,2024-07-12 23:02:42
35,#TechTrends,2024-04-04 16:55:40
36,#NewRelease,2024-03-19 13:55:56
37,#MondayMotivation,2024-08-09 02:51:37
38,#EarthDay,2024-12-04 22:52:59
39,#MemorialDay,2024-09-23 13:32:02
40,#MondayMotivation,2024-11-07 03:54:02
41,#Blessed,2024-05-21 04:21:44
42,#WinterWonderland,2024-11-24 12:59:20
43,#DIYProjects,2024-12-09 08:00:09
44,#BeachDay,2024-04-19 18:01:47
45,#NewRelease,2025-01-26 08:56:41
46,#HealthyEating,2024-02-08 10:55:26
47,#LoveWins,2024-04-18 23:08:42
48,#TechTrends,2024-12-10 23:05:06
49,#NewPost,2024-05-22 09:09:58
50,#LiveMusic,2024-06-01 12:59:04
51,#MotivationMonday,2024-02-04 21:37:41
52,#ArtOfTheDay,2024-09-05 15:33:33
53,#TBT,2024-12-01 13:57:22
54,#BlackLivesMatter,2024-11-29 10:43:48
55,#NewPost,2024-11-13 07:11:01
56,#SummerVibes,2024-07-09 14:47:02
57,#WeekendVibes,2025-01-27 17:06:00
58,#HomeSweetHome,2024-08-12 06:20:09
59,#Goals,2024-11-05 18:25:26
60,#BlackLivesMatter,2024-12-14 14:33:37
61,#GoodVibesOnly,2024-05-27 07:45:41
62,#BookLovers,2024-07-26 10:26:50
63,#TravelGoals,2024-06-03 06:02:45
64,#WinterWonderland,2024-07-20 17:08:38
65,#Throwback,2024-05-03 16:45:55
66,#NewRelease,2024-10-04 23:05:11
67,#GoodVibesOnly,2025-01-24 10:24:39
68,#DIYProjects,2024-02-03 01:47:46
69,#OOTD,2024-01-31 00:03:00
70,#FamilyFirst,2024-05-07 15:25:29
71,#TBT,2024-05-14 08:40:28
72,#NationalPuppyDay,2024-09-30 14:22:05
73,#EarthDay,2025-01-18 14:24:11
74,#TechTrends,2025-01-20 00:12:56
75,#AutumnLeaves,2024-06-07 04:12:31
76,#MotivationMonday,2024-07-03 06:04:04
77,#LiveMusic,2024-07-15 14:56:36
78,#HealthyEating,2024-03-21 08:27:56
79,#LifeIsGood,2024-07-22 17:56:18
80,#SpringFling,2024-08-29 11:32:41
81,#Inspiration,2024-02-22 07:10:40
82,#TravelGoals,2024-03-16 08:30:40
83,#DIYProjects,2024-11-19 21:42:53
84,#Inspiration,2024-04-10 20:17:08
85,#PhotoOfTheDay,2024-11-12 18:13:43
86,#AutumnLeaves,2024-07-05 19:29:08
87,#ThrowbackThursday,2024-05-11 11:29:06
88,#NoFilter,2024-04-26 14:57:56
89,#FamilyFirst,2024-06-25 05:53:35
90,#FashionWeek,2024-06-15 05:04:52
91,#PhotoOfTheDay,2024-07-14 08:36:49
92,#StaySafe,2024-05-10 11:54:33
93,#CryptoNews,2024-12-31 18:11:01
94,#BlackLivesMatter,2024-03-23 10:58:56
95,#HealthyEating,2024-07-15 11:02:26
96,#NewRelease,2024-11-07 20:39:54
97,#BreakingNews,2024-03-07 19:21:25
98,#StaySafe,2024-05-29 04:19:13
99,#Inspiration,2024-06-04 17:52:21
100,#NationalPuppyDay,2024-02-04 10:31:57
