id,user_id,content,image_url,video_url,created_at,updated_at,is_deleted
1,21,"Lineam, hunc naturalem esse omnium.",https://histats.com/rerum/quid/poetarum/evolutio/quid/quibusdam.dmg,http://yandex.ru/iuste/nisi/iucunde/neque/enim/sensibus.rtf,2024-01-29 12:51:07,2024-02-08 07:09:20,1
2,70,"Haec efficiantur ignorant. Animi autem voluptates et dolores animi quam corporis. Nam corpore nihil nisi praesens et quod adest sentire possumus, animo autem et praeterita et futura.",https://wiley.com/non/numquam/eius/consequentium.mdf,https://unesco.org/melius/viveremus/eas/ergo/inquit.xml?etiam&esse&quam&graecam,2024-01-29 12:59:23,2024-02-05 22:50:18,1
3,57,"Concedo, quod modo dicebas, cadere causa, si qui incurrunt, numquam vim tantam habent, ut non plus voluptatum habeat quam dolorum. Nam et praeterita grate meminit et praesentibus ita potitur, ut animadvertat quanta sint ea quamque iucunda, neque pendet ex futuris.",https://bloglines.com/etiam/labefactant/saepe/rem/publicam/ab.csr?pueros&non,https://infoseek.co.jp/sit/provident/ob/eamque/debilitatem/detractis.img,2024-01-29 13:08:29,2024-01-30 18:05:57,0
4,70,"Atque corrupti, quos dolores et quas molestias excepturi sint, obcaecati cupiditate non provident, similique sunt in culpa qui officia deserunt mollitia animi, id est vel summum bonorum vel.",https://sfgate.com/in/hae/esse/est.rtf?iusteque&vivatur&nec,https://thetimes.co.uk/suscipiantur/maiorum/dolorum/rerum.bash?eo&est&consecutus,2024-01-29 13:12:10,2024-02-03 02:33:15,1
5,57,"Si ea, quae corrigere vult, mihi quidem videtur. Ac fieri.",https://comsenz.com/scripta/leviora/conficiuntque.bmp?quae&ad&amicos,https://mayoclinic.com/eam/firme/graviterque/comprehenderit/initia.docx,2024-01-29 13:22:02,2024-02-06 23:04:37,0
6,24,"Disciplinam placet an de una voluptate quaeri, de qua Epicurus quidem ita dicit, omnium rerum, quas ad beate vivendum se ipsa allicit nec patientia nec assiduitas nec vigiliae.",https://miitbeian.gov.cn/omittam/pericula/labores/angusta.ini,http://virginia.edu/inclusae/inter/se/reprehensiones/temporis.cer?praesenti&nec&expectata&voluptate,2024-01-29 13:31:03,2024-02-05 12:34:45,0
7,78,"Quidem multa desiderant, propterea quod ipsa natura divitias, quibus contenta sit, et parabilis et terminatas habet; inanium autem cupiditatum nec modus ullus nec finis inveniri potest.",https://furl.net/quidem/eruditi/graecis/litteris/contemnentes/porro.msh,https://hao123.com/mihi/frustra.json?contra&vestra&convicia&sed,2024-01-29 13:37:51,2024-02-03 02:53:02,1
8,32,"Allevatio consoletur. Ad ea cum accedit, ut neque divinum numen horreat nec praeteritas voluptates effluere patiatur earumque assidua recordatione laetetur, quid est, cur nostri a nostris non legantur? Quamquam, si plane sic verterem Platonem aut Aristotelem.",https://imageshack.us/nimium/nos/quod.csr,https://nbcnews.com/quasi/vivi.toml?dolorum&effugiendorum&gratia&sed,2024-01-29 13:43:26,2024-02-07 00:28:43,0
9,3,"Ducem praebeat ad voluptatem. Sapientia enim est a Chrysippo praetermissum in Stoicis? Legimus tamen Diogenem, Antipatrum, Mnesarchum, Panaetium, multos alios in primisque familiarem nostrum Posidonium. Quid? Theophrastus mediocriterne delectat, cum.",http://phoca.cz/semper/pater.htm?eo&essent&quae&cum&dixisset,https://prlog.org/ut/plato/in/musicis/plurimum.mdf?hausta&e&fonte,2024-01-29 13:47:27,2024-02-08 03:00:09,0
10,30,"Timentis, quod mors sensu careat, dolor in reprehenderit in voluptate ponit, quod summum bonum in voluptate ponit, quod summum bonum diceret, primum in eo essent. Quae cum dixissem.",https://plala.or.jp/phaedrum/inquam/tu/mentitum/aut/ego.pptx?locum&dolor&forte&successerit&at,https://indiegogo.com/enim/mortis/metu/triarius.pem?vero&bonas&verbis&electis&graviter,2024-01-29 13:57:11,2024-01-31 11:15:10,0
11,32,"Etiam, et ii quidem eruditi Graecis litteris, contemnentes Latinas, qui se plane Graecum dici velit, ut a Scaevola est praetore salutatus Athenis Albucius. Quem.",http://google.co.jp/contereret/quae/quae.asc?sed&ex,https://bing.com/modum/temeritas/et/libido/et/metuque.tar?et&voluptatem&ipsam&per,2024-01-29 14:05:57,2024-02-01 02:22:16,0
12,55,"Modum statuat industriae? Nam ut Terentianus Chremes non inhumanus, qui novum vicinum non vult 'fodere aut arare aut aliquid ferre denique' -- non enim illum ab industria, sed.",https://google.com.br/de/caelo/est/nulla.aac?nisi&derigatur&ad&voluptatem&voluptas,https://un.org/horrent/easque/ipsas/sollicitudines/quibus/minus.msh1?qui&aut&saperet&aliquid&aut,2024-01-29 14:07:02,2024-02-07 15:43:26,0
13,65,"Virtutum laus, in qua maxime ceterorum philosophorum exultat oratio, reperire exitum potest, nisi derigatur ad voluptatem, voluptas autem est sola, quae nos exhorrescere metu non sinat. Qua praeceptrice.",https://seattletimes.com/illa/constituto/et.conf?recte,https://com.com/erimus/cum/didicerimus/quid/malint.log?vis,2024-01-29 14:11:23,2024-02-08 03:08:31,1
14,50,"Libro, quem ad modum temeritas et libido et ignavia semper animum excruciant et semper sollicitant turbulentaeque.",https://shinystat.com/infinitis/illa.xhtml?nullo&pacto,https://vk.com/praeter/voluptatem/et/dolorem/sunt/non.pgp,2024-01-29 14:17:58,2024-02-05 15:34:35,1
15,65,"Ad beatam aut ad bene vivendum aptior partitio quam illa, qua est usus Epicurus? Qui unum genus posuit earum cupiditatum.",https://guardian.co.uk/in/poetis/veri.wma,https://facebook.com/quos/nominavi/architecto.aac?non&inviti,2024-01-29 14:21:37,2024-02-01 23:55:45,0
16,13,"Laus, in qua maxime ceterorum philosophorum exultat oratio, reperire exitum potest, nisi derigatur ad voluptatem, voluptas autem est sola, quae nos exhorrescere metu non sinat. Qua.",https://netscape.com/epicuri/sententiae/satis/notae/sunt/excepturi.msh,https://storify.com/sinit/eum/respirare/enim.jsp?de&caelo&est&ad&cognitionem,2024-01-29 14:30:30,2024-01-29 20:08:58,0
17,4,"Ea cum accedit, ut neque divinum numen horreat nec praeteritas voluptates effluere patiatur earumque assidua recordatione laetetur, quid est, cur nostri a nostris non.",https://stumbleupon.com/quoquo/praesentibus.nrg?si,https://weather.com/illud/dixeris/haec/vero.mkv?nisi&inveneris,2024-01-29 14:34:28,2024-02-06 18:44:00,0
18,81,"Sed quot homines, tot sententiae; falli igitur possumus. Quam ob rem voluptas expetenda, fugiendus dolor sit. Sentiri haec putat, ut calere ignem, nivem esse.",http://theglobeandmail.com/factis/et/aut.cer?volunt,http://toplist.cz/impedit/quo/minus/id/fortunae.gpg?ponit&quod&summum&bonum,2024-01-29 14:39:16,2024-02-03 13:33:44,0
19,24,"Hoc idem Graecum, quae autem de bene beateque vivendum. Sed existimo te, sicut nostrum Triarium, minus ab eo nos abducat? Sin laboramus, quis est, qui alienae modum statuat industriae? Nam ut Terentianus.",https://bbc.co.uk/neque/pecuniae/modus/est/reprehendunt.ps1xml?homine&videatur&indignius&ad,https://4shared.com/hominum/conscientiam/saepti/esse/modo.wma,2024-01-29 14:43:01,2024-02-01 18:26:51,0
20,87,"Semel aliquid falsi pro vero probatum sit, sublatum esse omne iudicium veri et falsi putat. Confirmat autem illud vel maxime, quod ipsa natura, ut ait ille, sciscat et probet, id est laborum et dolorum fuga. Et harum quidem rerum facilis est et.",https://narod.ru/est/dicam.scf?recte&nominata&est&voluptas&ut,https://jimdo.com/non/emolumento/aliquo/sed/posteri.yml?quidem,2024-01-29 14:48:13,2024-02-01 21:32:41,1
21,9,"Illud enim ipsum, quod quibusdam medium videretur, cum omni dolore et molestia perfruique maximis et animi et molestiam dolor afferat, eorum tamen.",https://un.org/scilicet/novi/cum.xhtml?autem,https://de.vu/philosophiae/bonum.lnk,2024-01-29 14:58:08,2024-01-31 18:05:56,1
22,36,"Non qua via captiosa solvantur ambigua distinguantur ostendit; iudicia rerum dirigentur, numquam ullius oratione victi sententia desistemus. Nisi autem rerum natura perspecta erit, nullo modo probantur, tamen.",https://marketwatch.com/multavit//si/sine/sensibus.img?summum&sit,https://google.com/enim/negant/esse/bonum/et.vcd?familias&evertunt&totam&etiam&labefactant,2024-01-29 15:02:10,2024-02-07 12:23:07,1
23,69,"Sententia tale debet esse, ut eius magnitudinem celeritas, diuturnitatem allevatio consoletur. Ad ea cum accedit, ut neque divinum numen horreat nec praeteritas voluptates effluere patiatur earumque assidua recordatione laetetur, quid est, cur nostri.",https://irs.gov/monstret/vias/libenter.dbf?si&plane,https://infoseek.co.jp/bonum/hoc/ne/voluptati.exe?quid,2024-01-29 15:10:57,2024-02-01 06:18:36,1
24,24,Si aeque diu sit in corpore.,https://xinhuanet.com/vero/epicurus/quod/exiguam/suam.htm?voluptatem&quod&vero,https://mysql.com/me/tamen/nec.mov?quod&maxime&placeat&facere&possimus,2024-01-29 15:18:20,2024-02-02 16:06:46,1
25,69,"A ceteris ab hoc, qui eum unum secutus esset, nollem vituperatum. Iam in altera philosophiae parte. Quae est quaerendi ac disserendi, quae logikh dicitur.",https://irs.gov/potiendi/aperiri.js,https://i2i.jp/maxime/gloriatur/primum/totus/praeterea.csr?delectatum&numquidnam&manus&tua&sic,2024-01-29 15:21:00,2024-02-06 13:15:34,0
26,52,Efficit voluptatis. Itaque non placuit Epicuro medium esse quiddam inter dolorem et.,https://usatoday.com/amicitiam/negant/posse/solida.wav?divelli&nec&distrahi&possint,http://vimeo.com/distinguantur/ostendit/iudicia/pacto.bmp?quae&est&enim&in,2024-01-29 15:24:51,2024-02-06 02:46:36,1
27,80,"Quidem eruditi Graecis litteris, contemnentes Latinas, qui se dicant in Graecis legendis operam malle.",http://ifeng.com/disciplinam/placet/an/cur.mdf?et&iusto&odio&dignissimos&ducimus,https://bing.com/aliquam/quaerat/voluptatem/et.json?mihi&videri,2024-01-29 15:27:27,2024-02-06 09:32:26,0
28,13,"Quae expectamus, sic laetamur iis, quae recordamur. Stulti autem malorum memoria torquentur, sapientes bona praeterita.",https://list-manage.com/democriti/impedit.xml?tamen&horrent,https://goo.ne.jp/haec/et/non.mds?dissident&atque,2024-01-29 15:33:55,2024-01-31 01:30:30,1
29,98,"Animis afferat et eos quasi concordia quadam placet ac leniat. Temperantia est enim, quae in rebus aut expetendis.",https://xing.com/quadam/percipitur/sensibus/sed/discenda.php?nam&ante&aristippus&et&ille,https://mayoclinic.com/geometria/numeris/astris/iis.mdb?natura&postulet,2024-01-29 15:40:35,2024-02-01 09:23:36,1
30,38,Dolorum. Nam et laetamur amicorum laetitia aeque atque nostra et pariter.,https://paypal.com/exaudita/quasi/voce/ut.log?epicurus&terminari&summam&voluptatem&ut,http://seesaa.net/omnia/tradidisse/ea.png?nec&segniorem&ad&respondendum&reddidisti,2024-01-29 15:42:55,2024-02-02 07:03:01,0
31,85,"Quae perspexit in hoc ipso vitae spatio amicitiae praesidium esse firmissimum.' Sunt autem quidam e nostris, et scribentur fortasse plura, si vita suppetet; et tamen, qui diligenter haec, quae de philosophia litteris mandamus, legere assueverit, iudicabit nulla ad legendum his.",https://mediafire.com/modo/de/isdem/sensum.gpg?ita&credo&&non&est,https://flickr.com/nec/voluptas/in/maxime.json?sit&provident,2024-01-29 15:52:27,2024-01-31 17:50:11,0
32,74,"Quas qui tenent, eruditi appellantur -- aut ne deterruisset alios a studiis. Quamquam te quidem video minime esse.",https://google.com.hk/magis/ille.gpg?assidua&recordatione&laetetur,https://cisco.com/defuit/ego/vero/ceteris.xml?patre&audiebam&facete&et&urbane,2024-01-29 16:02:13,2024-02-04 02:01:12,0
33,98,"Quae vis sit, quae quidque efficiat, de materia disseruerunt, vim et causam efficiendi reliquerunt. Sed hoc.",https://ed.gov/ait/ille/sciscat/rerum.cue?non,https://squidoo.com/gravissimas/res/consilio/ipsius/conducunt.exe?expetendas,2024-01-29 16:12:12,2024-02-01 20:26:23,0
34,44,"Paulo contra vestra convicia, sed tamen satis acuti, qui verentur ne, si amicitiam propter nostram voluptatem expetendam putemus, tota amicitia quasi claudicare videatur. Itaque primos congressus copulationesque et consuetudinum instituendarum voluntates fieri propter voluptatem; cum autem usus progrediens familiaritatem effecerit, tum amorem efflorescere tantum, ut, etiamsi nulla sit utilitas ex amicitia, tamen ipsi amici propter se.",https://kickstarter.com/ignavi/animi.php?extremum&&quod,https://goo.ne.jp/quibusdam/medium/sensibus.xlsx?sit&aptius&quibus&ex,2024-01-29 16:21:13,2024-02-07 23:37:24,1
35,22,"Aliquem magnis, multis, perpetuis fruentem et animo et corpore voluptatibus nullo dolore nec impediente nec inpendente.",https://ehow.com/autem/te.htm?si&vero&molita&quippiam,http://constantcontact.com/nominis/capti/disciplinam.mov?ac&leniat&temperantia&est&enim,2024-01-29 16:31:06,2024-02-05 05:09:04,1
36,94,"Quid fugiat ut extremum malorum? Qua de re cum sit inter doctissimos summa dissensio, quis alienum putet eius esse dignitatis, quam mihi quisque tribuat, quid in omni re doloris amotio successionem efficit voluptatis. Itaque non placuit Epicuro medium esse quiddam inter dolorem et voluptatem; illud enim ipsum, quod quibusdam medium videretur, cum omni dolore detracto, nam.",https://symantec.com/omittam/pericula/labores/sine.pem?dixerit,https://geocities.jp/sic/ut.csv,2024-01-29 16:33:08,2024-02-03 22:15:13,1
37,58,"Libenter assentiar. Probabo, inquit, modo ista sis aequitate, quam ostendis. Sed uti oratione perpetua malo quam interrogare aut interrogari. Ut placet, inquam. Tum dicere.",https://weather.com/habeat/nam/doloribus.ini,https://amazon.co.uk/ardore/vestrae.db?nos&veriusque,2024-01-29 16:42:38,2024-01-31 04:56:07,1
38,88,"Partiendo docet, non quo modo efficiatur.",https://ifeng.com/manus/significet/iustitiam.cmd?summum,https://stumbleupon.com/quae/dicta/sunt/tum.tar?omittantur&maiorum&voluptatum&adipiscendarum,2024-01-29 16:46:46,2024-02-06 20:09:13,1
39,44,"Est vivere cum dolore, cui sententiae consentaneum est ultimum esse bonorum eum voluptate vivere. Huic certae stabilique sententiae quae sint coniuncta explicabo brevi. Nullus in ipsis error est finibus bonorum et malorum fere a nobis sic intelleges eitam, ut ab Homero Ennius, Afranius a Menandro solet. Nec vero.",https://stanford.edu/eo/delectari/faciam.xml?est&omnis&dolor,https://nyu.edu/ipsa/natura/ut/quaeso.yaml?non&inopem,2024-01-29 16:49:08,2024-02-03 10:40:19,1
40,4,"Ludicra exercendi aut venandi consuetudine adamare solemus, quanto id in voluptate est. Extremum autem esse bonorum voluptatem ex infinito tempore aetatis percipi posse, quam ex hoc percipiatur, quod videamus esse finitum. In dialectica autem vestra nullam.",https://dropbox.com/adolescens/ei/disputationi/interesset/indoctis.accdb?nisi&ut,https://pcworld.com/neque/imperii/nec/cum.conf?quodsi&vita&doloribus&referta&maxime,2024-01-29 16:55:56,2024-02-01 10:00:03,0
41,67,"Vocet ad se et Consentinis et Siculis scribere. Facete is quidem, sicut.",https://skype.com/gravioribus/morbis/vitae/ad.nrg?sit&inter&doctissimos,https://home.pl/nec/dolorem/timentis/ad.odf?confectum,2024-01-29 16:57:33,2024-01-31 02:23:59,1
42,26,"Contra vestra convicia, sed tamen satis acuti, qui verentur ne, si amicitiam propter nostram voluptatem expetendam putemus, tota amicitia quasi.",https://storify.com/propriae/ruinae/sed.csv?sint&et,https://dion.ne.jp/sero/expetenda.odf?vocant&tota,2024-01-29 17:05:31,2024-02-03 06:17:12,1
43,75,"Ignorare vos arbitrer, sed ut ratione et via procedat oratio. Quaerimus igitur, quid sit extremum et ultimum bonorum, quod omnium philosophorum.",https://surveymonkey.com/semel/a.xhtml,https://cisco.com/eiusdem/generis/et/legimus/nulla.pub?esse&omnino,2024-01-29 17:14:22,2024-02-02 20:40:04,0
44,42,"Modum statuat industriae? Nam ut Terentianus Chremes non inhumanus, qui novum vicinum non vult.",https://nature.com/in/physicis/quibus/maxime/interiret.msi?aptior&partitio&quam,https://cyberchimps.com/verum/qui.log?tota&democriti&atomi&inane,2024-01-29 17:21:23,2024-02-03 08:29:05,1
45,55,"Copulationes et adhaesiones atomorum inter se, ex quo efficeretur mundus omnesque partes mundi, quaeque in eo quoque elaborare, ut sint opera, studio, labore meo doctiores cives mei, nec.",http://un.org/motus/et/impetus/rerum.bmp?iis,https://stumbleupon.com/notissima/est/conformavit.ini?igitur&est&inquit&audire&enim,2024-01-29 17:28:42,2024-02-03 03:35:16,1
46,98,"Vellem, censes haec dicturum fuisse? Utrum igitur percurri omnem Epicuri disciplinam placet.",https://ft.com/deterruisset/alios/a/consequatur.nrg?viderer&retinere&non&posse,https://mozilla.org/quam/ostendis/sed/arbitramur.mkv,2024-01-29 17:33:14,2024-02-01 13:32:40,1
47,50,"Finis, quid extremum, quid ultimum, quo sint omnia bene vivendi recteque faciendi consilia referenda, quid.",https://rakuten.co.jp/aequitate/quam/bonis.msh2,https://g.co/corpus/referri/amici.jks,2024-01-29 17:34:29,2024-02-02 07:01:18,0
48,18,"Sunt insatiabiles, quae non modo numquam nocet.",https://friendfeed.com/poterit/aliquid/cognosci/et/omnino.aspx,https://marketwatch.com/modo/non/impediri/rationem/amicitiae/essent.pdf?reperietur&nam,2024-01-29 17:39:33,2024-02-01 13:08:54,0
49,46,"Rationem amicitiae, si summum bonum diceret, primum in eo quoque.",https://csmonitor.com/iudicari/sed/animo/etiam/senectutem.url?inquam&tu,https://topsy.com/quo/minus/id/quem.torrent?ferantur&deinde&eadem,2024-01-29 17:46:54,2024-02-03 03:39:31,0
50,97,"Nos abducat? Sin laboramus, quis est, qui alienae modum statuat industriae? Nam ut Terentianus Chremes non inhumanus, qui novum vicinum non vult 'fodere aut arare aut aliquid ferre.",https://elegantthemes.com/epicuri/ratio/docet/tum/denique/esse.ini?ob&aliquam&causam&ista,http://bloglines.com/commodis/suis/cogitarent/terrore.db?vita,2024-01-29 17:50:21,2024-01-31 01:26:05,0
51,47,"Ad senectutem esse discenda. Quae cum dixisset, Explicavi, inquit, sententiam meam, et eo quidem consilio, tuum iudicium ut cognoscerem, quoniam mihi.",https://about.com/litteris/mandamus/legere/in.pptx?expetendis&quid&fugiat,https://chron.com/studiis/consiliisque/semper/utens/praeclare.mds?eripuit&atomis&nec&tamen&necessariae,2024-01-29 17:54:54,2024-02-06 17:33:47,1
52,73,"Naturae, si tota oratio nostra omnem sibi fidem sensibus confirmat, id est voluptatem et dolorem? Sunt autem quidam.",https://eventbrite.com/quosque/sed.scf,https://soup.io/forte/successerit/ei.img?natum&sit&voluptatem,2024-01-29 18:03:23,2024-02-07 15:16:13,1
53,84,"Virtutes, de quibus neque depravate iudicant neque corrupte, nonne ei maximam gratiam.",https://sakura.ne.jp/sine/reprehensione/nec/cum/motum.gz?declinatio&ad&libidinem&fingitur,https://seesaa.net/si/delectamur/cum/scribimus/quis/cum.yml?dolores&denique,2024-01-29 18:07:31,2024-02-03 23:29:24,1
54,10,Exedunt animos conficiuntque curis hominum non intellegentium nihil dolendum.,https://booking.com/se/latina/scripta/stoici.htm?ipsum&probaturum&esse&confidam&certe,https://ibm.com/tamen/eius/modi/tempora/incidunt/de.xz?ratione,2024-01-29 18:14:04,2024-01-30 05:21:18,1
55,44,"Forensibus operis, laboribus, periculis non deseruisse mihi videor praesidium, in quo a populo Romano locatus sum.",https://hc360.com/ultimum/esse/nihil.bz2?nec&epularum&nec&reliquarum,https://vkontakte.ru/facere/qui/ratio.ini?invidiae&despicationes&adversantur&voluptatibus&sic,2024-01-29 18:16:06,2024-02-05 16:42:59,1
56,41,"Sua sponte et per se esse fugiendam temperantiamque expetendam, non quia voluptates fugiat, sed quia maiores consequatur. Eadem fortitudinis ratio reperietur. Nam neque laborum perfunctio neque perpessio.",https://flickr.com/ut/summum/importari.sh?animo,https://cornell.edu/declinationem/istam/atomorum/et/magnitudinem/successerit.crt?concludaturque,2024-01-29 18:17:24,2024-02-01 21:08:29,1
57,99,"Bonas verbis electis graviter ornateque dictas quis non legat? Nisi qui se plane Graecum dici velit, ut a Scaevola est praetore salutatus Athenis Albucius. Quem quidem locum comit multa venustate et omni sale idem Lucilius, apud quem praeclare Scaevola: Graecum te, Albuci, quam Romanum atque Sabinum, municipem Ponti, Tritani, centurionum, praeclarorum hominum ac primorum signiferumque, maluisti.",https://nifty.com/placeat/moderatius/tamen/id/quaedam.doc?parvam&et,https://photobucket.com/autem/quod.tsv,2024-01-29 18:21:49,2024-02-04 23:40:36,0
58,44,Horribiles existunt saepe formidines. Denique etiam morati.,https://hatena.ne.jp/gaudemus/aut.scf,https://barnesandnoble.com/aliquid/aut/ista/at.pptx?neque&porro,2024-01-29 18:25:36,2024-02-08 05:52:51,1
59,68,"Faciunt, ut ita ruant itaque turbent, ut earum motus et impetus quo pertineant non.",https://reddit.com/magis/quam/dedocendi/esse/videantur/cum.flac?haec&et&quae&sequamur,https://princeton.edu/soleat/obligantur.ps1xml?dixerit&per&se&esse,2024-01-29 18:31:45,2024-01-29 23:26:24,0
60,34,"Ipso, quod adest, turbulenta est; si vero molita quippiam est, quamvis occulte fecerit.",https://mysql.com/quos/attento.htm?sunt&insatiabiles&quae&non,https://engadget.com/aeque/doleamus/animo/cum/assentior.mshxml?summis&ingeniis&exquisitaque,2024-01-29 18:33:44,2024-01-31 19:28:42,0
61,98,"Sentit, quem ad modum eae semper voluptatibus inhaererent, eadem de amicitia disputatum. Alii cum eas voluptates.",https://census.gov/illud/enim/ipsum/efficit.asp?anteponant,http://about.me/quaerimus/igitur/optime.tar?eo&credo&quibusdam&usu,2024-01-29 18:37:59,2024-02-07 14:26:12,0
62,89,"Labores propter suam voluptatem susciperet, eosdem suscipiet propter amici voluptatem. Quaeque de virtutibus dicta sunt, quem ad modum eae semper voluptatibus inhaererent, eadem de amicitia disputatum. Alii cum eas voluptates, quae ad quietem et ad tranquillitatem ferant, quid est.",https://themeforest.net/eadem/se.mp4,https://umn.edu/quae/cum/non.ods,2024-01-29 18:39:18,2024-01-31 13:11:49,0
63,71,"Denique' -- non enim illum ab industria, sed ab inliberali labore deterret.",https://chicagotribune.com/defensa/et/collaudata/est/cum/quidem.json?hinc,https://mozilla.org/autem/quo.mshxml?non&queo&unde&hoc&sit,2024-01-29 18:41:36,2024-02-05 19:39:10,1
64,84,"Nam cum ad me in Cumanum salutandi causa uterque venisset, pauca primo inter nos ea, quae corrigere vult, mihi quidem videtur, inermis ac nudus est. Tollit definitiones, nihil de dividendo ac partiendo docet.",https://4shared.com/in/hoc/ne.tar?perdiderunt&sic&robustus,https://chronoengine.com/hostem/impetum/fecisse/civium.tar?tite&lictores,2024-01-29 18:47:20,2024-02-01 16:31:30,1
65,21,"Accedit etiam mors, quae quasi.",http://bluehost.com/cum/ad/quas.htm?voluptate&a&meque&ei,https://opensource.org/fore/levius/aliquando/nulla/praeterea/rerum.ods?amicitiam&negant,2024-01-29 18:52:00,2024-02-04 19:50:57,0
66,57,"Omnem sibi fidem sensibus confirmat, id est quo melius viveremus, eas ergo artes persequeretur, vivendi artem tantam tamque et operosam et perinde fructuosam relinqueret? Non ergo Epicurus ineruditus, sed ii indocti, qui, quae pueros non didicisse turpe est, ea putant usque ad senectutem esse discenda. Quae cum tota.",https://xing.com/aliae/declinabunt/aliae/suo/nutu/est.xhtml,https://php.net/in/philosophia/audeam/scribere/quamquam/aut.url,2024-01-29 18:59:19,2024-02-06 10:02:55,1
67,43,"Loca, si fana, si urbes, si gymnasia, si campum, si canes, si equos, si ludicra exercendi aut venandi consuetudine adamare.",https://hp.com/sed/maximam/voluptatem/illam/quem.jpeg?enim,https://oaic.gov.au/erunt/etiam/habet.csr?fungimur&munere,2024-01-29 19:08:24,2024-02-05 19:02:02,0
68,92,"Delectus, ut aut voluptates omittantur maiorum voluptatum adipiscendarum causa aut dolores suscipiantur maiorum dolorum effugiendorum gratia. Sed de clarorum hominum factis illustribus et gloriosis satis hoc loco dictum sit. Erit enim iam de omnium virtutum cursu ad voluptatem proprius disserendi.",https://tuttocitta.it/natura/non/statu.avi,http://umich.edu/expetendam/et/insipientiam/propter/molestias/omnium.json?forensibus&operis&laboribus&periculis,2024-01-29 19:15:40,2024-02-08 10:45:26,1
69,81,"Et probet, id est corpora individua propter soliditatem, censet in infinito inani, in quo nihil nec summum nec infimum nec.",https://cyberchimps.com/corporis/voluptatibus/et/doloribus//declinare.rpm?id&non&faciant&incidant&in,https://deliciousdays.com/percurri/omnem/epicuri/disciplinam/lineam.aac?possunt&nulla&spe,2024-01-29 19:21:52,2024-01-31 14:31:14,1
70,21,"Opera, studio, labore meo doctiores cives mei, nec cum istis tantopere pugnare, qui Graeca legere.",https://si.edu/sole/ipso/quid.pdf?&at&si&voluptas,http://wiley.com/finxerat/assecutus/est/cum.sql,2024-01-29 19:30:35,2024-01-31 02:50:19,0
71,81,"Adversa quasi perpetua oblivione obruamus et secunda iucunde ac suaviter meminerimus. Sed cum ea, quae sint.",https://fema.gov/neque/honoris/neque/magis.conf?sit&voluptatem&accusantium,https://zimbio.com/sic/robustus/quod.psd1,2024-01-29 19:38:51,2024-02-06 00:07:40,0
72,64,"Cohaerescent, sive aliae declinabunt, aliae suo nutu recte ferentur, primum erit hoc quasi, provincias atomis dare, quae recte.",https://fc2.com/epicurus/occulta.pdf?concedo&quod&modo,http://ehow.com/laetamur/amicorum/laetitia/aeque/atque/libidinosarum.ini?idem&fabellas&latinas&ad&verbum,2024-01-29 19:42:54,2024-02-05 14:55:19,0
73,28,"Tuemur ea, quae dicta sunt ab iis quos probamus, eisque nostrum iudicium et nostrum scribendi ordinem adiungimus, quid habent, cur Graeca anteponant iis, quae recordamur. Stulti autem.",https://washington.edu/quisquam/beatus/neque/ille.js,https://weather.com/et/quasi/involuta/aperiri/officii.sh?metu&maximeque&cruciantur&cum,2024-01-29 19:51:46,2024-02-07 19:06:08,0
74,70,"Diuturnitatem allevatio consoletur. Ad ea cum accedit, ut neque divinum numen horreat nec praeteritas.",https://independent.co.uk/omnia/eumque/motum/atomorum/aeterno.ppt?invitat&igitur&vera&ratio,https://examiner.com/copiosae/vel/elegantis/hominibus.lnk?qui,2024-01-29 20:01:39,2024-02-03 22:43:55,0
75,9,"Ut summo bono, dolorem aspernari ut summum malum et, quantum possit, a se ipse dissidens secumque discordans gustare partem ullam liquidae voluptatis et liberae potest. Atqui pugnantibus et.",https://thetimes.co.uk/quoque/elaborare/ut/falsis.psc1?expetendum&possimus&dicere,https://wikispaces.com/habeat/sapientia.psc1?progrediens,2024-01-29 20:09:24,2024-01-31 21:05:41,1
76,30,"Fuisse desideraturam. Idcirco enim non desideraret, quia, quod dolore caret, id in voluptate aut in liberos atque in sanguinem suum tam crudelis fuisse, nihil.",https://chronoengine.com/de/metu.url?quia&iucunditatis&vel&plurimum&afferat,https://icq.com/non/soleat/accuratius/explicari/etiam.flac?sublatum,2024-01-29 20:18:40,2024-02-08 10:26:00,1
77,26,Sapiens solum amputata circumcisaque inanitate omni et errore naturae finibus contentus sine aegritudine possit et sine metu vivere. Quae est enim aut utilior aut ad beatam aut.,https://upenn.edu/tenebo/si/ob/aliquam/erit.msh2xml?tibi&recte&chrysippe,https://diigo.com/recte/quae/oblique/sophocles.asp?nulla&spe&proposita&fore&levius,2024-01-29 20:24:55,2024-02-06 21:06:45,0
78,4,Parvam et non necessariam et quae sequamur et quae sequamur et quae sequamur et quae sequamur et quae.,https://quantcast.com/angoribus/quocirca/eodem/modo/sapiens/vexetur.pem?negent,https://bluehost.com/quo/ignorare/vos/arbitrer/causam.mov,2024-01-29 20:26:25,2024-02-05 22:54:42,1
79,60,"Non repugnantibus, verum etiam summam voluptatem. Quisquis enim sentit, quem ad modum affecta nunc est, desiderat?' -- Nihil sane. -- 'At, si voluptas esset bonum, fuisse desideraturam. Idcirco enim non desideraret, quia, quod dolore caret, id in voluptate esse aut in liberos.",https://nih.gov/est/cur/dubitemus/qui.html,https://themeforest.net/eum/potest.msh2?tantam&tamque&et&operosam&et,2024-01-29 20:33:19,2024-01-31 14:23:23,1
80,48,Scaevola est praetore salutatus Athenis Albucius. Quem quidem locum.,https://theatlantic.com/monstret/vias/vetuit.cer,https://epa.gov/fugiendum/itaque/torquate.bmp?orationis&ornamenta&neglexerit&nam,2024-01-29 20:42:48,2024-02-03 16:14:34,0
81,21,"Angore et metu maximeque cruciantur, cum sero sentiunt frustra se.",https://google.co.jp/amicis/insidiarum/spe.avi?te,https://de.vu/omnium/corporum/motum/deinde/factis.gpg?sententiam,2024-01-29 20:51:26,2024-02-01 08:43:22,0
82,40,"Pericula, labores, dolorem etiam, quem optimus quisque pro patria et pro suis suscipit, ut non dicas, quid non probes eius, a quo dissentias. Quid enim me prohiberet Epicureum.",https://techcrunch.com/ad/aliam/rem/ad/id/faciant.zip?perciperet&corpore&voluptatem&aut&cum,https://mac.com/nullo/pacto/potest/ut/propemodum/existimare.crt,2024-01-29 20:52:47,2024-01-31 20:27:40,1
83,62,"Ergo praetor Athenis, id quod maluisti, te, cum ad me de virtute misisti. Sed ex eo est consecutus? -- Laudem et caritatem, quae sunt.",https://dion.ne.jp/utrumque/phaedrum/quasi.txt?sentiant&non&esse&faciendum,https://ebay.com/hosti/desistunt.msh2xml?et&voluptatem,2024-01-29 20:59:29,2024-02-01 15:25:01,1
84,50,"Deterritum. Quae cum dixisset, Explicavi, inquit, sententiam meam, et eo quidem consilio, tuum iudicium.",http://opensource.org/his/ex.mov?doloribus&asperiores&repellat&hanc&ego,http://nps.gov/fieri/possit/ut/nec.mdb?omnes&bene&sanos,2024-01-29 21:07:37,2024-02-06 04:01:43,0
85,51,"Malunt scribi a nobis, aequi esse debent, quod.",https://opensource.org/nudus/est/tollit/definitiones/nihil/videro.aspx?acutus&cum&illud&ocurreret&si,https://samsung.com/quae/de/philosophia/litteris/mandamus/generis.msh2xml?maiora&enim&quaedam&nos,2024-01-29 21:09:18,2024-02-06 20:10:52,0
86,22,"Bonorum, quod omnium philosophorum sententia tale debet esse, ut ad Orestem pervenias profectus a Theseo. At vero Epicurus una in domo, et ea quidem.",https://topsy.com/quidam/e/nostris/qui/sua.md?causam&propter,https://skype.com/ad/vindicet.gif?ut,2024-01-29 21:18:50,2024-02-02 06:51:58,1
87,67,"Autem quidam e nostris, qui haec subtilius velint tradere et negent satis esse, quid bonum sit aut quid.",https://columbia.edu/dictum/dices.nrg?parte&audita&pronuntiaret&eum&non,https://dailymail.co.uk/perspiciatis/unde/omnis/angoribus.apk,2024-01-29 21:28:21,2024-01-30 11:27:20,0
88,95,Sequamur et quae vel aliter.,http://devhub.com/iudicabit/voluptatem.cfg?numquam&adquiescere&quodsi&ne,https://simplemachines.org/e/vivere.xml,2024-01-29 21:32:34,2024-01-30 15:43:30,0
89,45,"In Cumanum salutandi causa uterque venisset, pauca primo inter nos ea, quae voluptaria, delicata, mollis habeatur disciplina, quam gravis, quam continens, quam severa sit.",https://sourceforge.net/causa/quam.xlsx?sua&natura,https://alexa.com/hic/docendi/locus/sed/feramus.key,2024-01-29 21:34:13,2024-02-05 19:46:41,1
90,50,"Sequatur natura ut summum ex rebus expetendis, quid fugiat ut.",https://bloomberg.com/vivi/nisi/sapienter/honeste/iusteque/cupiditatibusque.crt?esse&maius,https://comcast.net/arridens/tu/quidem/inquit/totum/est.sig,2024-01-29 21:36:42,2024-02-06 12:42:16,1
91,41,"Enim tempus est ullum, quo non plus habeat sapiens, quod gaudeat, quam quod angatur. Optime vero Epicurus, quod exiguam dixit fortunam intervenire sapienti maximasque.",https://issuu.com/si/summum/bonum/esse/vult/molestiae.php,http://howstuffworks.com/ut/nihil/homine/videatur/indignius/modo.pdf?natura&ut&ait,2024-01-29 21:39:03,2024-02-04 11:36:35,0
92,83,"Autem morbi sunt cupiditates inmensae et inanes divitiarum, gloriae, dominationis, libidinosarum etiam voluptatum. Accedunt aegritudines, molestiae, maerores, qui exedunt animos conficiuntque curis hominum non intellegentium nihil dolendum esse animo, quod.",https://sun.com/ex/hoc/percipiatur/quod/non.jsp?magni&dolores,https://kickstarter.com/et/maxime/ab/iis/quos/vivere.txt?praetermissum&in&stoicis&legimus&tamen,2024-01-29 21:45:06,2024-02-01 05:25:32,1
93,39,"Affecta, secundum non recte, si voluptas esset bonum, fuisse desideraturam.",https://ucoz.ru/ipsi/auctori/huius/disciplinae/placet/quos.conf?aspernari&ut&summum&malum&et,http://devhub.com/nobis/se.accdb?acutus&cum&illud&ocurreret&si,2024-01-29 21:53:21,2024-02-05 17:15:06,0
94,43,"Quisquis enim sentit, quem ad modum eae semper voluptatibus inhaererent, eadem de amicitia disputatum. Alii cum eas voluptates, quae ad amicos pertinerent, negarent esse.",https://biglobe.ne.jp/si/ad.js?frui&volunt&voluptatibus&ut&nulli,https://google.co.jp/et/semper/sollicitant/turbulentaeque/inhaererent.aspx?in&bonis,2024-01-29 22:03:01,2024-02-06 04:12:26,1
95,52,Vestra nullam existimavit esse nec ad melius vivendum nec ad melius vivendum nec ad melius vivendum nec ad melius vivendum nec ad melius vivendum.,https://soundcloud.com/horum/morborum/aliquo/laborat/nemo/in.key?ut&plura&nemini,https://shareasale.com/liberos/constituto.tar?vituperandae&maledicta,2024-01-29 22:09:07,2024-02-03 10:14:40,0
96,65,"Linguam non modo numquam nocet cuiquam, sed contra semper afficit cum vi sua atque natura, quod tranquillat animos, tum spe nihil earum rerum defuturum, quas natura non depravata desiderat. Et quem ad modum sit affectus, et firmitatem animi nec mortem nec dolorem timentis, quod mors sensu careat, dolor in longinquitate levis, in gravitate brevis soleat esse.",http://gov.uk/non/provident/similique/et.gif?esse&discenda,https://phoca.cz/hominem/maximi/cadere/possunt/ille.priv?in&mente&consedit&hoc&ipso,2024-01-29 22:10:51,2024-02-06 21:01:09,1
97,49,"Sit nisi cum voluptate conectitur. Nam et ipsa declinatio ad libidinem fingitur -- ait enim declinare atomum sine causa; quo nihil turpius physico, quam fieri quicquam sine causa eripuit atomis nec tamen necessariae.",https://scribd.com/potiendi/spe/inflammati/enim.flac?audire&enim,https://stumbleupon.com/et/laetitiam/nobis/voluptas/mutat.jsp?illud&quidem,2024-01-29 22:13:00,2024-02-06 02:42:50,1
98,37,"Poenis obligantur. Qui autem ita frui volunt voluptatibus, ut nulli propter eas consequantur dolores, et qui suum iudicium retinent, ne voluptate victi faciant id, quod propositum est, summum profecto malum est vivere cum dolore, cui sententiae consentaneum est ultimum esse bonorum eum voluptate vivere.",https://youtube.com/esse/per/se/esset/iucunde.bmp?delectet&eos&sermo&patrius&cum,https://gov.uk/aut/oratoribus/bonis/aut/poetis/locum.apk?modum&sit&affectus,2024-01-29 22:19:14,2024-02-05 03:45:36,1
99,95,"Quas ad beate vivendum se ipsa allicit nec patientia nec assiduitas nec vigiliae nec ea ipsa, quae tibi probarentur; si qua in iis corrigere voluit, deteriora fecit. Disserendi artem nullam habuit. Voluptatem cum summum bonum consequamur? Clamat Epicurus, is quem vos nimis voluptatibus esse.",https://usa.gov/istis/tantopere/constituamus.flac?una&virtute&ponunt,http://mapquest.com/hominum/an.asc,2024-01-29 22:24:02,2024-02-06 15:03:37,0
100,50,Latina scripta dicunt contemnere. In quibus tam multis tamque variis ab ultima antiquitate repetitis tria vix amicorum paria.,http://sciencedaily.com/causae/sed/consedit.mds?censes&haec&dicturum&fuisse&utrum,https://tamu.edu/esse/multos/sed/consequamur.csr?a&diis&inmortalibus&supplicii,2024-01-29 22:28:20,2024-02-05 11:03:50,1
