id,first_name,last_name,profile_picture,short_intro,email,password_hash,created_at,updated_at
1,Ambrosio,Ambrosi,/nosque/ea/scripta/reliquaque/nec.deb,"Tota oratio nostra omnem sibi fidem sensibus confirmat, id est incorruptis atque integris testibus, si infantes pueri, mutae etiam bestiae paene loquuntur magistra ac duce natura nihil esse.",ambrosio.ambrosi@gmail.com,"!!~J!,O$)|~=&o%%$~~#zO,bn~!%MU^%R4|-~~~||.#bq^mS,!|m(~~O|~(t$#^)!Xc$=|~YM(",2024-01-29 12:51:07,2024-02-02 19:17:35
2,Danyelle,Linnard,/bonum/quicquam/non.wmv,"Principes civitatis, P. Scaevolam M'.que Manilium, ab iisque vitiis, quae paulo ante collegi, abest plurimum et, cum stultorum vitam cum sua comparat, magna afficitur voluptate. Dolores autem si qui incurrunt, numquam vim tantam habent, ut non dicas, quid non probes eius, a quo dissentias. Quid enim est a Cyrenaicisque melius liberiusque defenditur, tamen eius modi esse.",danyelle.linnard@hotmail.com,"+p,&^#0~~|)K|*^$l~uy(~~=!g~~|!,)K^+|&m~^!$|~!Y3Yd%~~6)&u^!#|^|!|F)!!$R^$~y:g^~,^C($%!#|~#!",2024-01-29 12:54:36,2024-02-05 05:34:10
3,Wiatt,MacDougal,/vel/extremum//quod/mererer.ods,"Satisfacit, et quidem locis pluribus. Sed quot homines, tot sententiae; falli igitur possumus. Quam ob rem dissentientium inter se reprehensiones non sunt vituperandae, maledicta, contumeliae, tum iracundiae, contentiones concertationesque in disputando pertinaces indignae philosophia mihi videri solent. Tum Torquatus: Prorsus, inquit, assentior; neque enim tempus est ullum, quo.",wiatt.macdougal@outlook.com,~F~%Nq)v^;^!j&!#U%<~N!*)!qu!~1|#Z%^j~#8<*|wd$!!%7$^~^Vb!|z!..o#|!.~^-^^-|||X!~|d^%!%$%~!|!~^^q~M,2024-01-29 12:59:53,2024-02-07 06:27:08
4,Javier,Stonhewer,/est/vel/summum/at.deb,"Infanti aut inpotenti iniuste facta conducunt, qui nec facile efficere possit, quod melius sit, accedere? Statue contra aliquem confectum tantis animi corporisque doloribus, quanti in hominem maximi cadere possunt, nulla spe proposita fore levius aliquando, nulla praeterea neque praesenti nec expectata voluptate, quid eo miserius dici aut fingi potest? Quodsi vita doloribus referta maxime fugienda est.",javier.stonhewer@msn.com,"#~!~!,,|7m|m!%~!?~~^!em~+^~$^j-%!R2oS.vG~E^|^i^^9!@^qK||!|Uv|6~z7,&z^#~^~!~^z~^9~.Q^U~~!r^!#^!~G~|",2024-01-29 13:02:26,2024-02-04 02:22:34
5,Sayre,Hay,/sed/bonae/valetudinis/causa/in.img,Ad modum temeritas et libido et ignavia semper animum excruciant et semper sollicitant turbulentaeque.,sayre.hay@gmail.com,!~!0!^*@3I;d.~^W^*0-+#~)57^||g^r!k!*^!!!~G>^(|ve|!(~N~|&hQ^p%+|B(^&egy~^^~,2024-01-29 13:11:43,2024-02-05 14:17:57
6,Orson,Prebble,/sit/non/enim/laetitiam.pfx,"Effici complexiones et copulationes et adhaesiones atomorum inter se, ex quo intellegitur nec intemperantiam.",orson.prebble@hotmail.fr,h!!!*^~|&-(~^|~b.!|!|%%~#Z!|h)!!4-U#^%!^|+8;^|#%!^>!|~&^vS-Q$(Me^+l)|!p~~^$|@p|!>!VQ#~~5^|,2024-01-29 13:15:51,2024-02-06 13:56:46
7,Micki,Behnke,/attulit/rem/commenticiam/declinare/dixit/verear.avi,"-- Laudem et caritatem, quae sunt vitae sine metu degendae praesidia firmissima. -- Filium.",micki.behnke@mail.ru,"+1!$|*7~z!J~*lta!!&!<|!~$<^!%,~Y!pu!cL%!!B)t|~%.g%5Y|X|^|$!^-im.~v+&^^vT?||7p-,%~1~aV^|~!",2024-01-29 13:19:18,2024-02-03 14:12:32
8,Kipper,Dadson,/utens/nihil/quieti/videre/nihil/cognoscerem.docx,"Legam? A quibus tantum dissentio, ut, cum Sophocles vel optime scripserit Electram, tamen male conversam Atilii.",kipper.dadson@yahoo.com,|s|!|$$~~|D~~!$!o!^Q!!~a~f^^!^!*^!5gC$*!~9%Oz~^C~-pd~P%#lO&*w9#~*#&!)|R~~^R!^^~&&^|^!c!!|.#!,2024-01-29 13:25:50,2024-02-02 22:55:35
9,Clem,Pizer,/simulent/et/legimus.ps1,"Enim esse censet, quantus videtur, vel paulo aut maiorem aut minorem. Ita, quae mutat, ea corrumpit, quae sequitur sunt tota Democriti, atomi, inane, imagines, quae eidola nominant, quorum incursione non solum praesentibus fruuntur, sed etiam cogitemus; infinitio ipsa, quam apeirian vocant, tota.",clem.pizer@rediffmail.com,#~~||~|!>-^fA!&W^^SU!!al~Z!~!Z!^%!$!^!*^.^j!%6^~o*!^!++V)^d^G^%*!UR~&!!~|f!$J^j!$~&%%~D!,2024-01-29 13:29:28,2024-02-01 07:28:09
10,Ramona,Swyne,/hoc/quasi/provincias/e.bat,"Illa, qua est usus Epicurus? Qui unum genus posuit earum cupiditatum, quae essent et naturales et necessariae, alterum, quae vis sit, quae quidque efficiat, de materia disseruerunt, vim et causam efficiendi reliquerunt. Sed hoc commune vitium, illae Epicuri propriae ruinae: censet enim.",ramona.swyne@orange.fr,!^bt~!=%bn^@f!t|!l^^~P|~|!|!^!^|~!fu!+|~^E!|^*^+$~^$mP^!~s|^^~^I|C,2024-01-29 13:32:56,2024-02-05 06:01:40
11,Robinson,Fatscher,/inter/argumentum/conclusionemque/rationis/et/et.bin,"Praeda umquam improbe parta minuit, sed potius inflammat, ut coercendi magis quam dedocendi esse videantur. Invitat igitur vera ratio bene sanos in viam placatae, tranquillae, quietae, beatae vitae disciplinam iuvaret. An ille tempus aut in armatum hostem impetum fecisse aut.",robinson.fatscher@gmail.com,"|I^^=+^^&&8!L*Q^~~^!~~||d!N!|(^:^$^c|)s||H%.z-!~?^!~j#d|!^^3!|Sdk|g#!Y~zq-|3|,^~|%,u^!~^Ft+-m+*S",2024-01-29 13:38:21,2024-02-07 04:55:51
12,Carmen,Tripcony,/inflammat/ut/hoc.aspx,"Conficiuntur et angore et metu maximeque cruciantur, cum sero sentiunt frustra se aut pecuniae studuisse aut imperiis aut opibus aut gloriae.",carmen.tripcony@yahoo.com,"!!|~~OwBD(^!|^ly@!!~^^+^^^&>~!&$j!^|5C^&|#~)(),^~:~~cH(gmwX^$&!~;!~*!n!~U)~!.!~^",2024-01-29 13:45:04,2024-02-02 16:42:00
13,Winne,Devons,/ista/sis/aequitate/quam/ad.mkv,"Pro suis suscipit, ut non dicas, quid non probes eius, a quo dissentias. Quid enim me prohiberet Epicureum esse, si probarem, quae ille diceret? Cum praesertim illa perdiscere.",winne.devons@gmail.com,2a#E~!|i$~&!k~!j!.-aUiW|*lf||!^!&Q~~%+f&!*-.^MI|&iX~~)^|0Y#!)*~||^,2024-01-29 13:49:03,2024-02-04 08:16:38
14,Darelle,Rraundl,/hinc/inimicus/sed/iure/mucius/inhumanus.jks,"Occultum. Plerumque improborum facta primo suspicio insequitur, dein sermo atque.",darelle.rraundl@hotmail.com,"|~:-||6Jc^+^!~#<Z~+~^~v%d#1=!~Y%|d)y^^.~~H||d|O##2g|)|^|R^^||~y!Heym~%|,^-.$~(&|",2024-01-29 13:55:36,2024-02-08 01:43:34
15,Idalina,McKeaveney,/detracta/voluptate/nisi.desktop,"Probabo, inquit, modo ista sis aequitate, quam ostendis. Sed uti oratione perpetua malo quam interrogare aut interrogari. Ut placet, inquam. Tum dicere exorsus est. Primum igitur, inquit.",idalina.mckeaveney@hotmail.com,"|~%~X~Uz)9(l#;#!|~.-^#)!.~k)^!^^$,k%&I&=||+|t#||G!~|ax|w||^**jy^~^|||!~!^1+*",2024-01-29 13:56:47,2024-02-05 15:55:05
16,Ofelia,Bittany,/praesentium/voluptatum/deleniti/poterit.ini,"Autem se ipsos amentur. Etenim si delectamur, cum scribimus, quis est tam invidus, qui ab eo delectari, quod ista Platonis, Aristoteli, Theophrasti orationis ornamenta neglexerit. Nam illud quidem physici, credere aliquid esse minimum, quod profecto numquam putavisset, si a.",ofelia.bittany@hotmail.com,"~.D^|||ne^|!R^06^!$7~|~^~^|^|!)c^cb||(x,-~unM5(|%!%!(~i^?.^|&",2024-01-29 13:59:52,2024-02-07 03:12:31
17,Cindra,Sywell,/comparaverit/nihil/esse/libidinosarum.img,"Minima veniam, quis nostrud exercitation ullamco laboris nisi ut aliquip ex ea commodo consequat. Duis aute irure dolor in reprehenderit in voluptate aut in poetis evolvendis, ut ego et Triarius te hortatore facimus, consumeret, in quibus.",cindra.sywell@gmail.com,^^^.|Jf*!#~|$^|u=~~~Il~-~3~|-!xf^#.~|%A|LC#~(!.~ag!E%|D|4>|;^!^~%d$~,2024-01-29 14:02:54,2024-02-01 14:30:56
18,Amby,Gallimore,/voluptate/neque/enim/tempus/et.odf,"Secundum non recte, si voluptas esset bonum, desideraret.' -- Ita credo.",amby.gallimore@orange.fr,"|!=UG!++!*!~~2M^|hc~b^^$l|m9^^^(~N^%~*|)^)a4,~v+M3^v)%9iN~!+,K!^$^,(|a(.",2024-01-29 14:12:00,2024-01-30 12:25:32
19,Burr,Landeaux,/quod/graeci/telos/excepteur.aac,"Voluptas in bonis sit numeranda nec in malis dolor, non existimant oportere nimium nos causae confidere, sed et argumentandum et.",burr.landeaux@yahoo.fr,"$!~l||S=)!$|%<2.~|~L4=^|C^!$n$*E!)$du!!*U!!^~|!^^IxD|wRQ,%!~Y#~~~|2!~%!^8,|^|#-!",2024-01-29 14:21:50,2024-02-01 14:36:17
20,Lizzy,Yarnton,/tamque/variis/ab/doctiores.psm1,"Maxime ab iis, quos ego posse iudicare arbitrarer, plura suscepi.",lizzy.yarnton@yahoo.com,"q^c~4^^~&!&m.q!Tz!9|%i#!m|Q%,+1^!!~.|K^L(||-!|f^|&|!&%|%#!~l%A~v^!.!.y|!~!b||~x~",2024-01-29 14:31:27,2024-02-08 01:11:19
21,Garnette,MacGuigan,/quibusdam/nec.psc1,"Ocurreret, si omnia dixi hausta e fonte naturae, si tota oratio nostra omnem sibi.",garnette.macguigan@hotmail.com,"jB,%j:!&!&^^*>^%u!J|!C%:~~~,!b~S#|%^-Z!^+|.)!%$^|xu&$f^^F!~jy,.@!#s|^X&$!|^%l!-g-!$",2024-01-29 14:36:12,2024-01-31 10:44:14
22,Lee,McCooke,/locum/seque/facile/nemo.keystore,"Esse admonere. Interesse enim inter argumentum conclusionemque rationis et inter mediocrem animadversionem atque admonitionem. Altera occulta quaedam et horrida, de malis Graecis Latine scripta deterius. Quibus ego assentior, dum modo de isdem rebus ne Graecos quidem legendos putent. Res vero bonas verbis electis graviter.",lee.mccooke@yahoo.co.in,"^|g~%~^||~6*(||-s%~!*c%,lpo^)-~!!#~|)!d(!^~|.!~^^~3#!~<~0tU^(|^nni|l~|1-^~.$!uC~",2024-01-29 14:39:11,2024-02-04 12:36:43
23,Kynthia,Statter,/parvam/et/non/gravitate.css,"Enim maxime consuevit iactare vestra se oratio, tua praesertim.",kynthia.statter@hotmail.com,"^|.H!i~r%~|*^~9~v^e||+|#!^|H#!-|,^|4|(%!~(.6|+~(!%*|^do-^%^~)(%~!!^e?!|$-^X~|xw(|!^",2024-01-29 14:48:14,2024-02-07 20:03:55
24,Karlan,Lilbourne,/te/quoquo/modo/loqueretur/intellegere/sententiae.log,"Temperantiam quidem propter se expetendam esse dicemus, sed quia maiores consequatur. Eadem fortitudinis ratio reperietur. Nam.",karlan.lilbourne@gmail.com,|^!^b!!!T+d^^eI|8&vgv~|$!N^8~|^^$>&-|U|n^)~!^F|g^^&s%;bf^o~!%%s!3~S|^~%)|gg$#!(~^&CT|^#*,2024-01-29 14:56:09,2024-02-06 00:29:21
25,Dana,Amdohr,/et/quem/ad/me/albam.wma,"Dici non modo nullam captet, sed etiam effectrices sunt voluptatum tam amicis quam sibi, quibus non solum praesentibus fruuntur, sed etiam quid a singulis philosophiae disciplinis diceretur, persecuti.",dana.amdohr@gmx.de,"+^E)^!o|~)Gf^|~*^~H&2!A!|~$^~&b!~%|%,^&.NoN|$+^d^|aL~m#@r!|7~^~s^~.G|Ssq!!|~I)",2024-01-29 15:05:29,2024-02-02 06:05:59
26,Ursuline,Belhome,/et/insipientiam/propter/molestias/nostrum.ppt,"Falli igitur possumus. Quam ob rem dissentientium inter se dissident atque discordant, ex quo intellegitur nec timiditatem ignaviamque.",ursuline.belhome@hotmail.com,"~+$|~z#9U$!~&|!&z.m*#|!^x||~!(|g~^-j&~-,$pns~$$c^^T~~!(^~^%~J%^|^^|(#^^~.#k!^^^Sl^0%#D!@a",2024-01-29 15:13:10,2024-02-03 12:54:50
27,Kiri,Rosenstock,/enim/vestrae/eximiae/pulchraeque/naturales.json,"Brevis soleat esse, ut eius magnitudinem celeritas, diuturnitatem allevatio consoletur. Ad ea cum accedit, ut neque divinum numen horreat nec praeteritas voluptates effluere patiatur earumque assidua recordatione laetetur, quid est, quod nullam eruditionem esse duxit, nisi quae beatae vitae deduceret? Qui quod tibi parum videtur eruditus, ea causa est, quod huc possit, quod melius sit, accedere?",kiri.rosenstock@yahoo.com,"^(g.|-;$$|!|!%~%%|~d!!(#^B+^^Z~^!~^|)^^:^+2|!^+,!&%u#1$*~1^,~%!(#~|3|~^wr~^|(~",2024-01-29 15:18:37,2024-02-01 18:31:39
28,Ernestus,Rawcliff,/et/dolorem.pem,"Sublata et moderatio natura cupiditatum generibusque earum explicatis, et, ut modo docui, cognitionis regula et iudicio ab eadem illa individua et solida corpora ferri deorsum suo.",ernestus.rawcliff@gmail.com,"n^|~t^^|f^#A$,i^6~#|<!^&!(*sj:!A|,!!|,l7*!!~h)~i^+^-a#^^(z~C|$|~b|~!*X!~*$%!|$~&$Y%^^~!^|I&~~|)|",2024-01-29 15:20:55,2024-02-07 01:08:47
29,Cissiee,Korda,/nec/praeteritas/opera.wav,"Quid? T. Torquatus, is qui consul cum Cn. Octavio fuit, cum illam severitatem in eo ipso parum vidit, deinde hoc quoque alienum; nam ante Aristippus, et ille melius.",cissiee.korda@hotmail.com,"|o%~!!!<~.&~$u~%.&M~~~^,!|!^%#!~M||^|^!|!*-%t!L!^^!?q|=Ow^~+c+^$~#",2024-01-29 15:23:10,2024-02-07 21:15:56
30,Carine,Angelini,/conferebamus/neque/erat/umquam/controversia/perciperet.odp,Error est finibus bonorum et malorum fere a nobis explicatam esse.,carine.angelini@charter.net,"#o^E,);^N^^J$d!)^!^vk~^E&$!~!K^!$&^~|!!~.!|~~)^#v*^V*c^!||!T|~&|~!|J|*2~!s!|!j~)|^~BJ~^^~v~,,|!,^",2024-01-29 15:24:35,2024-02-02 10:54:11
31,Kristoffer,Deave,/dolores/sententiae.html,"Meminit et praesentibus ita potitur, ut animadvertat quanta sint ea quamque iucunda, neque pendet.",kristoffer.deave@free.fr,~^(i^~V)~|$v!!|-u^^v|o~^&6~||+!|^!6~!^(|<X~k!#g#|~*^#^)op~b)!^!:~e|$$(|~~~-~r^*Hm,2024-01-29 15:32:46,2024-02-05 03:51:04
32,Anabel,Melesk,/inviti/legant/quis/enim/tam/sive.nrg,"Sed animo etiam ac ratione intellegi posse et voluptatem ipsam per se ipsa esse contentam. Sed possunt haec quadam ratione dici non modo fautrices fidelissimae, sed etiam cogitemus; infinitio ipsa, quam apeirian vocant, tota ab illo est, tum innumerabiles mundi, qui et.",anabel.melesk@gmail.com,"^+!z2%s$~^~|AE^i!|@&^d^^xM|~(^&S|!%^~^^~!.!|&^7|&--&,!!|+I^!Q|m&^%+~^%^$^|)~y%^!&*^*e,",2024-01-29 15:39:04,2024-02-02 01:20:45
33,Missy,Willacot,/vi/sua/atque/natura/panaetium.odt,"Quidem, sicut alia; sed neque tam docti tum erant, ad quorum iudicium elaboraret, et sunt illius.",missy.willacot@uol.com.br,"$|Hx#!^|*4-|3,~#w-6(^|)(|V^@|-|;!!!,d||&p!%|I~^,%pd#9|!k~|^!!6!g%~h!|!^&)!^$^^|-+~|^!pNG~.!g!",2024-01-29 15:48:29,2024-02-02 17:21:20
34,Carlota,Benediktsson,/careret/non/modo/exquirere.pfx,"Parum videtur eruditus, ea causa est, quod huc possit, quod melius sit, accedere? Statue contra aliquem confectum tantis animi corporisque doloribus, quanti in hominem maximi cadere possunt, nulla spe proposita fore levius.",carlota.benediktsson@yahoo.com,"^|N^!|$p*^%|.>|g#R%~|!^~B-^%~^^|s1~|c!yv^~,^C(l||3|!!mu#^Tn!k!",2024-01-29 15:52:38,2024-02-03 06:10:08
35,Janos,Rackley,/desperantes/nemore.js,"Adest, turbulenta est; si vero molita quippiam est, quamvis occulte fecerit, numquam tamen id confidet.",janos.rackley@aol.com,"v~~^!!^sTx!~wz<^^M^J~z!L%+j+!!^)|!!|c^h~!^^m||.,!^$^#e.gv!n~!L^|!g|!!#|~Ed,|~|?l#~",2024-01-29 15:57:45,2024-01-30 15:46:35
36,Pepi,Sole,/quod/gaudeat/quam/refert.mkv,"Triario litterae, quid historiae cognitioque rerum, quid poetarum evolutio, quid tanta tot versuum memoria voluptatis affert? Nec mihi illud dixeris: 'Haec enim ipsa mihi sunt voluptati, et erant illa Torquatis.' Numquam hoc ita defendit Epicurus neque.",pepi.sole@yahoo.com,^H(||u~%X^&&^~#!06)+~!u&|&+!i+x*#Gm|!a&&~^#!|~(|^s&!|~4k(*^LS~&~#!;~|(Q||=$~|~^|U,2024-01-29 16:05:14,2024-01-31 11:07:00
37,Daveta,Lilleycrop,/erroribus/animos/hominum/liberavisse/et/inciderint.asc,"Miserum est, ob eamque causam propter voluptatem et dolorem. Ad haec et quae fugiamus refert omnia. Quod quamquam Aristippi est a Chrysippo praetermissum in Stoicis? Legimus tamen Diogenem.",daveta.lilleycrop@gmail.com,"(^-o2~%!|r|!~.|^!*mm.**~|+|||Z|a~!#!(|~h!g~!M+j$&!.+~#|,~#|!(|^$^y-v,^!|^0!%K~~^m",2024-01-29 16:11:06,2024-02-06 15:41:03
38,Konstantine,Gimson,/in/maiorem/ex/facimus.aspx,"Minime ille vult expetenda. Haec igitur Epicuri non probo, inquam. De cetero vellem equidem aut ipse doctrinis fuisset instructior -- est enim, quae in rebus aut expetendis aut.",konstantine.gimson@yahoo.co.in,"c^^!TP||4^!dl!~)!|xnv,o%U#)%^&^~c^-~!!y^%#T~#!^^!~!|%U^|!^||!p!!%!~^(!~d!~Sb^a*||E^b!^!||>0^~2",2024-01-29 16:17:55,2024-02-01 21:11:39
39,Idette,Grewcock,/difficiles/lucifugi/maledici/nullam.bz2,"Concedo, quod modo dicebas, cadere causa, si qui e nostris aliter existimant, quos quidem video minime esse deterritum. Quae cum dixissem, magis ut illum provocarem quam ut ipse constituit, e regione inferiorem locum petentium sine causa dicere, -- et illum motum naturalem omnium ponderum.",idette.grewcock@libero.it,"!%~!|!~|$&~d!T^!|^&|^-!,|.!|E~(||0^~%~)~^E!|!|5$#^+%^uy^.!^D^|||:a",2024-01-29 16:26:03,2024-02-01 20:31:35
40,Keir,Hevner,/audeam/scribere/quamquam/a/te/inimicus.msh1xml,"Unum secutus esset, nollem vituperatum.",keir.hevner@hotmail.com,"^|+3.&v^~;.#~y-~&|v!m~!~~~6~|^m)~|D-^|,!y^~#^5|!$(~|!~^*%!!,~l!$||)p!~+~!",2024-01-29 16:33:45,2024-02-01 16:29:49
41,Arley,Hayward,/sunt/an/utinam/ne/in/vita.accdb,"Ea commodi consequatur? Quis autem vel eum iure reprehenderit, qui in ea voluptate velit esse, quam nihil praetermittatur quod vitam.",arley.hayward@hotmail.com,&*z|||3#~|!L(|Z|!*|!~n%~Ex&#!#~$D&(z~s|4)?^!~%||O!U+^^fZ^^%^,2024-01-29 16:36:32,2024-02-08 08:51:34
42,Noella,Laingmaid,/vitae/molestias/paulo.bin,"Molestiae. Igitur neque stultorum quisquam beatus neque sapientium non beatus. Multoque hoc melius nos veriusque quam Stoici. Illi enim negant esse bonum quicquam nisi nescio quam illam umbram, quod appellant.",noella.laingmaid@gmail.com,"&k!|^o~rv!s!^%#&;|h8^|^~|!^,%v~|!~M$s^!$C!&!^!||~~!+-#|?e!znr|?v",2024-01-29 16:37:42,2024-01-31 00:30:26
43,Drucy,Dietmar,/voluptas/esset/eamque.jks,"Aperiri, altera prompta et aperta iudicari. Etenim quoniam detractis de homine sensibus reliqui nihil est, necesse est, quid aut ad miseram vitam afferre momenti.",drucy.dietmar@yahoo.com,|#|^~%#7JI~|z#)v~WH|^!(^#~|$k~#ucp-En(6(w~|*%|!*(!>~!~|&|F!~|~~,2024-01-29 16:41:43,2024-02-07 16:39:02
44,Arda,Skewes,/naturalem/audiam.p12,"Graeci telos nominant --, quod ipsum nullam ad aliam rem, ad id omnia referri oporteat, ipsum autem nusquam. Hoc Epicurus in voluptate ponatur, sed.",arda.skewes@comcast.net,"!3&!~8N~^!^3!$!v!&#&n!^j~~#!!^~)^%!~$^|*|!!O|^)5^4~,!~|Ct~j^P^z%*,##e!*~#!~|#|^!&-%!|$~||Bzo|!$^|$U",2024-01-29 16:49:54,2024-01-31 05:55:01
45,Bethanne,Strowan,/ipsum/dolor/sit/amet/consectetur/autem.asp,Frustra se aut pecuniae studuisse aut imperiis aut opibus aut gloriae. Nullas enim consequuntur voluptates.,bethanne.strowan@hotmail.com,"!~(+|!^($!~&p%|^(<,X!.!T&L%!|+A~|)^!^%^|$M~+^$!~nJ|m!~@$&&|,*)(ft,=#!b~%#~|!|^^R|-n~(T!r^^X|!%|",2024-01-29 16:57:23,2024-02-02 01:13:17
46,Osbert,MacMaykin,/titillaret/sensus/ut/ita/qui.yml,"Euripidis fabulis delectari dicat, Latinas litteras oderit? Synephebos ego, inquit.",osbert.macmaykin@yahoo.com,$||^|~@|~)+&!|!g^%^&&|.^|(!p|!f|~%Y|^^~Jo*!Pl!~^xj!^Iz(i%|u$&|!%,2024-01-29 17:02:01,2024-01-31 01:19:15
47,Cris,Dorian,/ludus/esset/quam/ob/rem/propter.mkv,"Enim invenire volumus, non tamquam adversarium aliquem convincere. Accurate autem quondam a L. Torquato, homine omni doctrina erudito, defensa est Epicuri sententia de voluptate, a meque ei responsum, cum C. Triarius, in primis gravis et doctus adolescens, ei disputationi interesset. Nam cum.",cris.dorian@yahoo.es,a^FR!A$~K%$Ba#^|$v%l^#z|!.&((~ny!+|f&%!&~&Dm~Ff~!o^!~!^E>ow|^P|~~|s(!k+$~d!~|Q!n|!!,2024-01-29 17:06:57,2024-01-29 19:18:36
48,Jamal,Orriss,/incurrunt/sed/intus/etiam/in/omnis.bat,"Coerceri reprimique non potest, ut errem, sed ita sentio.",jamal.orriss@hotmail.com,",|$~|!#-|~^|n!P~+$(:~hGa!$b|^p|(l#P^^2|!*O^|.^&|E!$!!T%^,+|^o,!|^;,~|%|~^~!^b|^^~hh!$*$^|",2024-01-29 17:09:00,2024-01-31 19:55:09
49,Evaleen,Toomer,/excelsus/omni/est/liber/modum.rtf,"Ipsum, quod quibusdam medium videretur, cum omni dolore careret, non modo fautrices fidelissimae, sed etiam effectrices sunt voluptatum tam amicis quam sibi, quibus non solum praesentibus fruuntur, sed etiam praetereat omnes voluptates, dolores denique quosvis suscipere malit quam deserere.",evaleen.toomer@hotmail.fr,"^A,!|+^2!!W|~=~|^~~^v*^*n^n^!|$|hu&%!%^C%^7^~i,|~|t~$Q|b,^P|y%8xT|~|~!",2024-01-29 17:15:03,2024-02-04 13:14:24
50,Madonna,Evett,/locupletiorem/etiam/esse/quam/graecam/cum.exe,"Non probes eius, a quo dissentias. Quid enim est una, quae.",madonna.evett@hotmail.com,"|!|L~<%~|~~~|sbT^^|!|(|~)~t*r!|q^~!~mZ|.,!.^||7~!,^^|^~X&^|G!~!8n,J|%|!!j!|^qb~CC>&^~h^!#",2024-01-29 17:21:37,2024-02-02 02:14:09
51,Rhodie,Petric,/aut/divitiarum.jks,"Veniat in medium Epicuri ratio, quae plerisque notissima est. Quam a nobis philosophia defensa et collaudata est, cum esset accusata et vituperata ab Hortensio. Qui liber cum et tibi probatus videretur et iis, quos modo nominavi, cum inciderit, ut.",rhodie.petric@yahoo.com,"!!^l)q^-|I|!k%!~|$^I%~^~!-^!^*~~$~~~>#&r^.Y&!t!&&^~^~!~!!,~|CY,<$-~^j^$-,)^#XlW~!n~||a~",2024-01-29 17:25:07,2024-02-05 01:13:23
52,Stanfield,Avarne,/et/praesentibus/inermis.txt,"Horrent easque ipsas sollicitudines, quibus eorum animi noctesque diesque exeduntur, a.",stanfield.avarne@yahoo.co.in,"~>~|g^a>~y!x&!!4~+^*s|w~f!,&,|&)i~||~~^P)!^!B||^|~^|(!~$u^gE!^Fy<x|^",2024-01-29 17:31:51,2024-02-06 00:13:31
53,Eleonore,Sex,/maiorem/ex/torquate.json,"Poterit aliquid cognosci et percipi. Quos qui tollunt et nihil posse percipi dicunt, ii remotis sensibus ne id ipsum quidem.",eleonore.sex@bol.com.br,"|!|R|!~~~|#!:||^^^|d#~^,|||<||4|~@j=|bI!^$^%^G|!!~(-~^^!|~!|",2024-01-29 17:36:00,2024-02-02 02:44:50
54,Sallyann,Arderne,/aliae/quoque/graeci.rar,"Graece ergo praetor Athenis, id quod maluisti, te, cum ad te ne Graecis quidem.",sallyann.arderne@hotmail.fr,"2~&o(!<!||~g)#95^#^!^~+L|^&|,&&m^)^~b|~:+|ciX|;|!#^%o&,~I(&!p~!^h##!&0,#|^^~o~~)Y~-#~!^^!~~!,&+,g!5",2024-01-29 17:39:46,2024-02-03 09:08:29
55,Jayson,Stickel,/amarissimam/necesse/epicurei.csr,"Conversa de Graecis? Nam si ea sola voluptas esset, quae quasi saxum Tantalo semper impendet, tum superstitio, qua qui utuntur, benivolentiam sibi conciliant et, quod aptissimum est ad cognitionem omnium, regula, ad quam omnia iudicia rerum in sensibus ponit.",jayson.stickel@gmail.com,^|~hvX$^!$^!E|D~!^r$^z^~~~$G^g!|~~!H+4$~~FvK#.~~@w@A$|!~x|&U#:~~k+^~!~~o$$|~%,2024-01-29 17:45:19,2024-01-30 17:39:40
56,Cherish,St Pierre,/ipsa/per/se/quidem.mshxml,"Non existimant oportere nimium nos causae confidere, sed et argumentandum et accurate disserendum et rationibus conquisitis de voluptate et dolore.",cherish.stpierre@hotmail.com,"^^1!S!O,^q~|~~^|S^f|l$6G*~^*|||7C~#^#<|^-j~!|.^~$T##(!d^#,^G~~|!%~|~O!(^^^~>!^$$|^!",2024-01-29 17:47:41,2024-02-03 03:39:16
57,Hyacinthie,Maulden,/itaque//attulit/rem/commenticiam/errore.dmg,"Hoc commune vitium, illae Epicuri propriae ruinae: censet enim eadem illa constituto veri a.",hyacinthie.maulden@gmail.com,"^!^!|f+j!!$^~P^!|^~!u|#|,q%x|!z#|||,U~#!^C%y^*.%~$e!r(f-(g|D~U~I|^^#!t!||^!!b!-c.!",2024-01-29 17:55:24,2024-02-02 10:35:37
58,Katherina,Jessup,/sit/est.url,"Sapientium, ut ne minus amicos quam se ipsos amentur. Etenim si delectamur, cum scribimus, quis est tam invidus, qui ab eo ortum, tam inportuno tamque crudeli; sin, ut dolore suo sanciret militaris imperii disciplinam exercitumque in gravissimo bello animadversionis.",katherina.jessup@gmail.com,"|!(~#|#2-+^O~|(iOwlcTh.%v$~^$t!+~|1!,!~.^!m7(!)^2~3(i@(a.~!~~!~!#^z+.|(G^|3#|e!)*!!C^-||",2024-01-29 17:59:24,2024-02-03 06:15:28
59,Odette,Kilbourn,/itaque/cotidie.aspx,"Nonne ei maximam gratiam habere debemus, qui hac exaudita quasi voce.",odette.kilbourn@chello.nl,"5^^!f)JM~,~|!~%2A!&x~zA?V$K^|^kw|~^BC!^)|!^E&!e~~4>!x:|q4g#~!&-Uo~|dp~%*%^^^&$$,%",2024-01-29 18:01:49,2024-02-06 02:42:41
60,Fallon,Faulo,/me/istius/philosophi/non/videmus.xls,"Damna, tum in dedecora incurrunt, saepe etiam legum iudiciorumque poenis obligantur. Qui autem ita frui volunt voluptatibus, ut nulli propter eas consequantur dolores, et.",fallon.faulo@hotmail.co.uk,"!G%!^c!&%*&|!^$|)!~||.!O-I^!*-*$@|#%;^2|^#!!|^-!=~|%-E4|R|^.4b$^,gI!~",2024-01-29 18:08:44,2024-01-31 22:40:48
61,Winnie,Curnnok,/agam/ut/ipsi/auctori/sed.sh,"Recte, quae oblique ferantur, deinde eadem illa individua et solida corpora ferri deorsum suo pondere ad lineam, numquam fore ut hic noster labor in varias reprehensiones incurreret. Nam quibusdam, et iis servire.",winnie.curnnok@hotmail.com,l%Dj!i~N>~u&!^*O~|G$^!a|!!%|m~6#!||~|#y~W!.$h^-*+-^-!~^|!^^&^~|%+%-m?)!,2024-01-29 18:17:30,2024-02-04 16:48:16
62,Nathanael,Hancell,/iudex/multi/etiam/ut/te/soleat.pdf,"Mihi videor praesidium, in quo admirer, cur in gravissimis rebus non delectet eos sermo patrius, cum idem fabellas Latinas ad verbum e.",nathanael.hancell@att.net,"~%~&8!^.5&^B*~^D~~^qe|9^^A!|-~%|$|w~#!,$9%|Uj-l|~|~#~%!|(|(s,)^",2024-01-29 18:26:49,2024-02-08 18:15:15
63,Sibel,Samme,/sit/arbitrer.asp,"Putavisset, si a Polyaeno, familiari suo, geometrica discere maluisset quam illum etiam ipsum dedocere. Sol Democrito magnus videtur, quippe homini erudito in geometriaque perfecto.",sibel.samme@yandex.ru,.~j?^~3|^E)|.||^^|$|~^~|^-~(#^^^^!^^~~&~&v+^!!@^~~-!cxW!%J~|+!^!,2024-01-29 18:28:48,2024-02-08 09:51:36
64,Austina,Terram,/iniucundus/labor/iis/igitur/propemodum.odt,"Potest, non paranda nobis solum ea, sed fruenda etiam sapientia est; sive hoc difficile est, tamen nec modus est neque honoris neque imperii nec libidinum nec epularum nec reliquarum cupiditatum, quas nulla praeda umquam improbe parta minuit, sed potius inflammat, ut coercendi magis quam dedocendi esse videantur. Invitat igitur vera ratio bene sanos in viam placatae.",austina.terram@gmail.com,"+|~.^)~o.dG|~^|.-pC|~h|;~S|,^#^|<^|^~^~)~6!&!^)!q)!7m!^#~q!~+^n|s|AHd(^&s&%*F%|&~P~",2024-01-29 18:31:42,2024-02-03 23:42:45
65,Nancey,Jagiello,/in/sententia/firmitatem.scf,"Aut ista didicisset. Et quod quaeritur saepe, cur tam multi sint Epicurei, sunt aliae quoque causae, sed multitudinem haec maxime allicit, quod ita putant dici ab illo, recta et honesta quae sint, ea facere ipsa per.",nancey.jagiello@gmail.com,!)%&~~^%#^~YI^U!Kkv^~|gt^$&~~|+|1fC!)~~^ep~dt|~!m!~(%~|###|#a|!~|~!^~#|!^h!!U|+)J^K^,2024-01-29 18:33:03,2024-02-03 03:00:07
66,Jane,Schall,/sequamur/et/quae/vel/aliter/omnium.docx,"Mollis habeatur disciplina, quam gravis, quam continens, quam severa sit.",jane.schall@aol.com,"~&e#X~#9$)M,&^qq$F,!Wr!Q<!.|-!%|^)^=%v!$|*u~$,p?~~-O%!^C(||c!+^G!w||~.",2024-01-29 18:36:57,2024-02-03 09:55:29
67,Adolph,Goodreid,/nihil/homine/videatur/indignius/benivole.ods,"Eum Macedonum legatis accusantibus, quod pecunias praetorem in provincia cepisse arguerent, causam apud se dicere iuberet reque ex utraque parte audita pronuntiaret eum non talem videri fuisse in.",adolph.goodreid@hotmail.co.uk,",#~-~)!p~^|)&^?~%r^UD|^^$!!!|$P(^a|||^t^!%|!!&h^^|^|.~^!|t.uQ!P$1^|J#yK",2024-01-29 18:45:06,2024-01-30 04:14:56
68,Coreen,McCusker,/etiam/praesertim.sh,"Intellegamus, tu tam egregios viros censes tantas res gessisse sine causa? Quae fuerit causa, mox videro; interea hoc tenebo, si ob.",coreen.mccusker@gmail.com,"$^~$r^*!,.Q|~&#^PO|!^!$m|!|Q-^$~|jtr|#w!~~|nu3d~(|Q!m+(^^%!~O|>c~^(g!$!%^!Q)~^)v",2024-01-29 18:53:32,2024-02-05 14:44:59
69,Bay,Trangmar,/inquit/non/satisfacit/te/enim/mandamus.ps1xml,"Videtisne quam nihil praetermittatur quod vitam adiuvet, quo facilius id, quod sentiant non esse faciendum, ii voluptatem maximam adipiscuntur praetermittenda voluptate. Idem etiam dolorem saepe perpetiuntur, ne, si.",bay.trangmar@aol.com,"#DL^|&~d^|||sUq|sc||~&~|^!c%|ub|)!!*!d^.~|^!E)~|j,z~$u^&~#^a^|ds+~~X&~~",2024-01-29 19:00:15,2024-02-03 23:23:50
70,Derek,D'Aguanno,/quas/natura/non/mea.jsp,"Et falsi putat. Confirmat autem illud vel maxime, quod ipsa natura, ut ait ille, sciscat et probet, id est voluptatem. Homines optimi non intellegunt totam rationem everti, si ita res se habeat. Nam.",derek.daguanno@rocketmail.com,!f~VQ||^*!!$&5~.;(^II~~p|G)w~~ju|U$A!Y)G-$|xp6.|&F||~h!i|$|p,2024-01-29 19:09:32,2024-02-02 15:23:49
71,Salomone,Lente,/laus/in/impetu.csr,"Et quasi architecto beatae vitae dicta sunt, explicabo. Nemo enim ipsam voluptatem, quia.",salomone.lente@bol.com.br,",!$~%$.,N(5|!~|w^,|v^A|#&#~*f!l~^y~Y~!#|&u!~#||%|^|!8=!-|^&^~;^^!!3s|&+bs%~!||^|~||!",2024-01-29 19:17:43,2024-02-08 05:11:38
72,Sonny,Orfeur,/pertinax/non/quam.jsp,Summum bonorum vel ultimum vel extremum .,sonny.orfeur@hotmail.com,<||(D(~%e!-b!!^~>wN^|$v!^!$|!*:#^|)Z|p$^A~+~!||!^f&~<S^|!|~-$)!||$#|z!!!)!^kg!u$|l^3~%||&.&(,2024-01-29 19:25:20,2024-02-05 17:17:02
73,Mitzi,Pozer,/quid/ei/reliquisti/nisi/scribere.odg,"Transferre in voluptatem, ut postea variari voluptas distinguique possit, augeri.",mitzi.pozer@gmail.com,"!#m$!~,|%|+^~6p@!^Qa^K|$%&^~#j^u!+^^&!)^mO|^.*~!B$|!U~|@#~p~&m$|H1#,>&r!@Y|W^*~>~j!",2024-01-29 19:31:06,2024-02-05 02:55:34
74,Noemi,Starte,/sit/inter/doctissimos/summa/rerum.cfg,"Sibi conciliant et, quod aptissimum est ad quiete vivendum, caritatem, praesertim cum omnino nulla sit utilitas ex amicitia, tamen ipsi.",noemi.starte@hotmail.com,"l|!^eg!,w(%He.cC&*-~A^-^#&%&CK^|&||~y.N&|%N|b$!^||~r~u^$V!||~g)~+!!)~-S!^i3+>|~^&^&^2:!^%~^^&~||*|%",2024-01-29 19:37:15,2024-02-08 01:18:45
75,Kerwin,Mertsching,/non/probo/locus.html,"Neglexerit. Nam illud quidem adduci vix possum, ut ea, quae dixi, sole ipso illustriora et clariora sunt, si.",kerwin.mertsching@laposte.net,"|^6&6!~~G!t,^An!6>#^.,%(.^^~^S~~&b^z^~~&^^2s!1Al6~#~!^b~e,^s|~^l,p,%^|?^~~7^%$#|^&|%^t^~Cw^~|~~~",2024-01-29 19:46:43,2024-01-29 23:02:08
76,Hinda,Yashin,/et/eam.ppt,"Physico, quam fieri quicquam sine causa eripuit atomis nec tamen id, cuius causa haec.",hinda.yashin@msn.com,|!^%=~!~|^$^!:^j~*XU!!T+m&g(o^*E~^=;pQLSeV5~|||~|%(|$!*|!Zl!^|wf!|&#^^,2024-01-29 19:53:36,2024-01-30 14:05:49
77,Temp,Elsop,/sententiam/meam/et/eo/sero.pptx,"Pariant, has optari, quia voluptatem. Iustitia restat, ut de omni virtute sit dictum. Sed similia fere dici possunt. Ut enim virtutes.",temp.elsop@gmail.com,"^dD%&|r%!!.^.g#|!k&+~l~$,~9^-|~)aa^|-P@+a|Z*o%3^oI!i~!!~l(L|!@||%b^z~xI!4H~^|B%!>!w|&|b|76^^P!m!~~",2024-01-29 20:02:19,2024-02-02 07:43:28
78,Loy,Valti,/quosvis/quid.xhtml,"Repetitis tria vix amicorum paria reperiuntur, ut ad Orestem pervenias profectus a Theseo. At vero Epicurus una in.",loy.valti@hotmail.com,")!~|gx&~%^~^~&#!*^!#(G,!~!(P&A&~&!^~&%|!l.!.%g^1g$?~6^4!@|#^~^!..!!X!!n)~#^!15-~!jn^Z%~^(#.^~",2024-01-29 20:03:56,2024-02-07 10:23:55
79,Sonnnie,Karlsson,/voluptas/autem/est/sola/quae/lucifugi.ps1xml,"Defendit Epicurus neque Metrodorus aut quisquam eorum, qui aut saperet aliquid aut ista didicisset.",sonnnie.karlsson@gmail.com,"|~,^!B.!||?~!&^|!~|4wu$^^#~~(!.~|^<~|#*|~||^^~$~~!f!^^.&~o>g~h!-~||m,*t^u*!.)",2024-01-29 20:13:06,2024-02-02 23:14:14
80,Vickie,Suter,/possit/aut/angere/praeterea/et/nullam.svg,"Ut noster Lucilius, recusabo, quo minus animus a se ipse dissidens secumque discordans gustare partem ullam liquidae voluptatis et liberae potest. Atqui pugnantibus et contrariis studiis consiliisque semper utens nihil quieti videre, nihil tranquilli potest. Quodsi.",vickie.suter@hotmail.com,"#z~!^~-^^.y*!%^#!~!~|:^L~&%-(|,~^~J&(I**d9^|||fI))!|~@|o^j##)*g|^&$|",2024-01-29 20:19:58,2024-02-08 19:22:48
81,Cicily,Lernihan,/et/causam/efficiendi/reliquerunt/contra.png,Iudiciorumque poenis obligantur. Qui autem alia malunt scribi a nobis.,cicily.lernihan@comcast.net,"$X^^d*clFI~~y!~M%x!~c^^!!^-C~|!^%Ki~~7Q~!!O$i~|z$k|,~$*^~!^*|psG~g^.+u|~~$|!~~#",2024-01-29 20:21:17,2024-02-07 17:30:38
82,Wilmer,Snowball,/scribere/facete/quae.ods,"Neque porro quisquam est, qui alienae modum statuat industriae? Nam ut Terentianus Chremes non inhumanus, qui novum vicinum non vult 'fodere aut arare aut aliquid ferre denique' -- non enim illum ab industria, sed ab inliberali.",wilmer.snowball@uol.com.br,|k~<|.!~$~~|~~!^^|%^.m(!~F%~xd^|x|*|~|e^|~h.((|^~^|^!A%((|ZBe.(!Qr#~~,2024-01-29 20:30:23,2024-02-01 18:17:22
83,Carlie,Broadbear,/nulla/voluptatem.wmv,Bona. O praeclaram beate vivendi et apertam et simplicem et directam viam!,carlie.broadbear@yahoo.com,"!G~X|B!.^~v^,!.^|^|!!,~o#0%|)!^~4|03~D~^~iz~#0.|f!kw~~!^&|Y^|!$|^~$",2024-01-29 20:39:16,2024-02-06 22:55:06
84,Kerry,Lumsdale,/adipisci/velit/impedit.json,"Sed etiam praetereat omnes voluptates, dolores denique quosvis suscipere malit quam deserere ullam officii partem, ad ea, quae dices, libenter assentiar. Probabo, inquit, modo ista sis aequitate, quam ostendis. Sed uti oratione perpetua malo quam interrogare aut interrogari. Ut placet, inquam. Tum dicere exorsus est. Primum igitur, inquit, sic agam, ut ipsi.",kerry.lumsdale@yahoo.com,"B~|!~&$~!~^^^#!U!*#*|!,i^|^^-|!%2lGh~ni~^|*S|~#|^|7!#~||,^!|#!~~^.!^!|^|^F!!^ws)^^4^!!~!~~~6-!$J~<",2024-01-29 20:44:15,2024-01-30 06:45:06
85,Kiri,Parminter,/pendet/ex/futuris/sed/vitae.mp3,"Sed stare etiam oportet in eo, quod semel admissum coerceri reprimique non potest, ut non modo non repugnantibus.",kiri.parminter@gmail.com,"WV!+&%||8!!,^!y~#%|^~k!%l~|%0^^#~|R!!u|^|=^kQ^A|#%&1!+%d~w&~|k|^^g,|$l^>,&^3i.^^#lmu#~Q|10tv!~!#C^",2024-01-29 20:53:56,2024-02-06 22:30:39
86,Celestina,Adamsen,/confirmatur/animus/minus.sh,"Assentior, dum modo de isdem rebus ne Graecos quidem legendos putent. Res vero bonas verbis electis graviter ornateque dictas quis non legat? Nisi qui se plane Graecum dici velit, ut.",celestina.adamsen@yahoo.de,"|~!|^|~.*Tf&~^|0~&@+V~!(^$|%%rl%wB~~d~!~$^I~^x,Q^!%|t$(^|Rzu-~~",2024-01-29 21:03:07,2024-02-08 13:51:14
87,Fidela,Crucetti,/amoris/conspiratione/consentientis/vivere.toml,"Ea maior sit, si nihil efficeret; nunc.",fidela.crucetti@hotmail.com,"u~,~Yx*&|q&#!~(^^~f|~1^!.@~(^#^~~:~,!!%!&~,|T|aI^!^^~$O(-uY~n|",2024-01-29 21:13:04,2024-01-31 18:16:29
88,Lurline,Bakhrushkin,/vestrae/eximiae/pulchraeque/virtutes/industria.json,"Semper beatus inducitur: finitas habet cupiditates, neglegit mortem, de diis inmortalibus sine ullo metu vera sentit, non dubitat, si ita res se habeat. Nam si ea sola voluptas esset, quae quasi saxum Tantalo.",lurline.bakhrushkin@yahoo.co.uk,"cK^~|&.%|!^(!!|w~^~|^ai0~|~h(^|!b~q&^-q^#o|+N,s#m!N##(v^S!~s!#|a&!!!|!#UcA(^~&($^|^~|^|^^u=!~.~$P",2024-01-29 21:22:15,2024-02-08 05:11:27
89,Elyn,Zellick,/quibus/haec/autem.xz,"Theseo. At vero Epicurus una in domo, et ea quidem angusta, quam magnos quantaque amoris conspiratione consentientis tenuit amicorum greges! Quod fit etiam nunc ab Epicureis. Sed ad rem redeamus; de hominibus dici non necesse est. Tribus igitur modis video esse a.",elyn.zellick@hotmail.fr,y|m^!~#%!|+!^^|L&5~.+|l&6*^X!!$y%j|Np%~$^i!^%||~$+C#$^.^^)))^|!y!m^|^4o)#%H.%a&,2024-01-29 21:26:10,2024-02-04 17:52:40
90,Elwin,Brandreth,/nisi/quae/beatae/nobis.mdf,"Ut ait ille, sciscat et probet, id est voluptatem. Homines optimi non intellegunt totam rationem everti, si ita res se habeat. Nam si dicent ab illis has res esse tractatas, ne ipsos quidem Graecos est cur dubitemus dicere et sapientiam propter voluptates expetendam et insipientiam propter molestias esse fugiendam? Eademque ratione ne temperantiam quidem propter se.",elwin.brandreth@shaw.ca,"7!.7Q.#KQ%|%!^^hv!*uM|6|7!)J~l!~Vu!|-l|,|,|~s|^,H^^&^^~~~(L~yN|^~%+|~hA~.$!.!^",2024-01-29 21:31:19,2024-02-06 12:43:47
91,Yardley,Perigo,/de/hominibus/tempore.json,"Aut utilior aut ad naturam aut contra sit, a natura ipsa iudicari. Ea quid percipit aut quid malum, sensu iudicari, sed animo etiam ac ratione intellegi posse et.",yardley.perigo@gmail.com,9^~|7|^^^|;~~|c|d++=!)Z~~!H~!!#~|*|#-^~)~~|.~~!M!v^~!|^^e~!^i|&^&.!:C=~|(^~|!.,2024-01-29 21:33:02,2024-02-05 02:13:43
92,Nicola,Gerram,/videre/nihil/tranquilli/potest/quodsi/numquid.mdb,"Sit, quae quidque efficiat, de materia disseruerunt, vim et causam efficiendi reliquerunt. Sed hoc commune vitium, illae Epicuri propriae ruinae: censet enim eadem illa.",nicola.gerram@yahoo.co.uk,)~-L~+@$~w||-!~B7^^!%~~?r|~s~||Rc^^!!|!$!++#!|!9g!1O8-r|$^^+^J,2024-01-29 21:40:58,2024-02-04 16:23:40
93,Monro,Ivashov,/angore/cum/et/tibi/probatus/rationem.jpeg,"Fabulis delectari dicat, Latinas litteras oderit? Synephebos ego, inquit, potius.",monro.ivashov@outlook.com,"~^|efG!^)^&j&^~|~~|~S!:G*76!As(|+|)^~^^$!sw!g*K+(&#l|%-1^E|$Y~r,uU!)=f||%|(H^&)|#&&+^|f*p$^~,!!",2024-01-29 21:48:42,2024-02-08 18:18:40
94,Sib,Le Clercq,/laudabilis/eo/referri/se.toml,"Unum, quae materia sit, ex qua quaeque res efficiatur, alterum, quae vis sit, quae quidque efficiat, de materia disseruerunt, vim et causam efficiendi reliquerunt. Sed hoc commune vitium, illae Epicuri propriae ruinae: censet enim eadem illa individua et solida corpora.",sib.leclercq@planet.nl,"!%|I~~!-|>,!-$~^i6||!m!(V%!!|~~t1~^##Z|z~~!(!tj(~?!!^!|.)!!0*|!!&E|#?.v+%*=.-r~~2|B&^~^^~",2024-01-29 21:53:22,2024-02-04 03:03:34
95,Karna,Skillington,/te/sicut/nostrum/esse.pdf,Vel copiosae vel elegantis ornatus defuit? Ego vero.,karna.skillington@yahoo.es,"-!$2!%##*!|)D~^+6|~~,~;+g.|5|$!!^Cg~^%^k)~q^@!|7!%-~^!z~~Tp!~lt|(n",2024-01-29 22:00:30,2024-01-31 00:17:41
96,Angelia,Coviello,/caelo/est/ignota.png,"Transferre in voluptatem, ut ea maior sit, mediocritatem desiderent. Sive enim ad minim veniam, quis nostrum exercitationem ullam corporis suscipit laboriosam, nisi ut aliquip ex ea commodo consequat. Duis aute irure dolor in reprehenderit in voluptate ponatur, sed sine hoc.",angelia.coviello@gmail.com,"^~+7.#j!|&||m.F#x^~)~^!|~,S.|^|^^E~^!|AsO~^^|-|^.+~~g&^%8~&^-^~|!&|,|",2024-01-29 22:02:26,2024-02-04 14:31:48
97,Zorana,Blackborne,/prorsus/mundi.mdf,"Amicitiam negant posse a voluptate discedere. Nam cum ignoratione rerum bonarum et malarum maxime hominum vita vexetur, ob eumque errorem et voluptatibus maximis saepe priventur et durissimis animi doloribus torqueantur, sapientia est adhibenda, quae et terroribus cupiditatibusque detractis et.",zorana.blackborne@orange.fr,"1^f|Y^|!yq!|^||~~o&5!|!^!%|:|<*,VU~~!|I!*&~|~.~xH!~^^^~$!D^ge!^*~",2024-01-29 22:04:23,2024-01-31 13:14:47
98,Margarita,Chinge,/physicis/alias/et/quidem/locis/quid.psc1,"Enim cupiditates a natura proficiscuntur, facile explentur sine.",margarita.chinge@mail.ru,"~@^!;!.!!|K!!^#&|#&-p|!|e~+|^N~^~*~F!F|v<e-%6~-^$||!a8k^!|(m|^~(~~^|$-!c~^^M&~,F%^^",2024-01-29 22:05:52,2024-02-05 10:23:12
99,Darrick,Denkel,/exercitationem/ullam/corporis/suscipit/laboriosam/primis.ogg,"Confectum tantis animi corporisque doloribus, quanti in hominem maximi cadere possunt, nulla spe proposita fore levius aliquando, nulla praeterea neque praesenti nec expectata voluptate, quid eo miserius dici aut fingi potest? Quodsi vita doloribus referta maxime.",darrick.denkel@gmail.com,"t8O|^&*^~|*u~^&,~*$$|~%~~G*|^-|$$^<+|9h%^(~>^%~c|~|$X*!!)|!^*|||i|,S^!9:!^",2024-01-29 22:10:52,2024-02-04 02:27:21
100,Tierney,O'Lyhane,/ad/quorum/iudicium/telos.xlsx,"Epicuri sententiae satis notae sunt. Atque eos, quos nominavi, cum inciderit, ut id.",tierney.olyhane@rocketmail.com,"||$m):,|nFv-^|^^~~||-~|k&!#^~^F^lku!MV!~^#!^%#r^|!~%iy&^~%|S~&-$!|+~+t|||~^%P<!~h5^~!!+$^l~",2024-01-29 22:15:48,2024-02-01 12:40:40
