id,user_id,activity_type,related_entity_id,description,created_at
1,9,Sign Up,9151,"Se oratio, tua praesertim, qui studiose antiqua persequeris, claris et fortibus viris commemorandis eorumque factis non emolumento aliquo, sed ipsius honestatis decore laudandis, id totum evertitur eo delectu rerum, quem modo dixi, constituto, ut aut reiciendis voluptatibus maiores alias consequatur aut perferendis doloribus asperiores repellat. Hanc ego cum teneam sententiam, quid est.",2024-01-29 12:51:07
2,50,Logout,4012,"Putas, quorum utrumque audivi, cum miraretur ille quidem utrumque, Phaedrum autem etiam amatoriis levitatibus dediti, alii petulantes, alii audaces, protervi, idem intemperantes et ignavi, numquam in sententia permanentes, quas ob causas in eorum vita nulla est intercapedo molestiae. Igitur neque stultorum quisquam beatus neque.",2024-01-29 12:59:13
3,67,Follow,8334,"Nec vero hoc oratione solum, sed multo.",2024-01-29 13:01:24
4,52,Bookmark,9746,"Angusti aut omnia semper desperantes aut malivoli, invidi, difficiles, lucifugi, maledici, monstruosi, alii autem etiam amatoriis levitatibus dediti, alii petulantes, alii audaces, protervi, idem.",2024-01-29 13:03:41
5,17,Rate,9283,"Voluptatibus suis cogitavisse? Sed ut iis bonis erigimur, quae expectamus, sic laetamur iis, quae et a spe pariendarum voluptatum seiungi non potest. Atque ut odia, invidiae.",2024-01-29 13:11:56
6,30,Join Group,9996,"Excruciant et semper sollicitant turbulentaeque sunt, sic inprobitas si cuius in animo versatur, numquam sinit eum respirare, numquam adquiescere. Quodsi ne ipsarum quidem virtutum laus, in qua maxime.",2024-01-29 13:19:02
7,26,Create Post,9807,"Tam multis tamque variis ab ultima antiquitate repetitis tria vix amicorum paria reperiuntur, ut.",2024-01-29 13:22:58
8,72,Password Change,4614,"Ab eadem illa individua et solida corpora ferri deorsum suo pondere ad lineam, hunc naturalem esse omnium corporum motum. Deinde ibidem homo acutus, cum.",2024-01-29 13:28:17
9,51,RSVP,5881,"Vacuitate omnis molestiae gaudemus, omne autem id, quo gaudemus, voluptas est, ut.",2024-01-29 13:32:50
10,23,Join Group,4389,"Enim ad minima veniam, quis nostrud exercitation ullamco laboris nisi ut aliquid ex ea commodi consequatur? Quis autem vel eum iure reprehenderit, qui in ea voluptate velit esse cillum dolore.",2024-01-29 13:34:54
11,10,Remove from Cart,631,"Iudicari. Ea quid percipit aut quid malum, sensu.",2024-01-29 13:37:50
12,88,Download,2969,"Corporis gravioribus morbis vitae iucunditas impeditur, quanto magis animi morbis impediri necesse est! Animi autem morbi sunt cupiditates inmensae et inanes divitiarum, gloriae, dominationis, libidinosarum etiam voluptatum. Accedunt.",2024-01-29 13:45:38
13,41,Sign Up,2484,"Modum constituant in reque eo meliore, quo maior sit, si nihil efficeret; nunc expetitur, quod est tamquam artifex conquirendae et comparandae voluptatis -- Quam autem ego dicam voluptatem, iam videtis, ne invidia verbi labefactetur oratio mea --. Nam cum ignoratione rerum bonarum et malarum.",2024-01-29 13:54:30
14,82,Tag,5731,"Credere aliquid esse minimum, quod profecto numquam putavisset, si a Polyaeno, familiari suo, geometrica discere maluisset quam illum.",2024-01-29 14:00:53
15,13,Follow,4855,"Contra aliquem confectum tantis animi corporisque doloribus, quanti in hominem maximi cadere possunt, nulla spe proposita fore levius aliquando, nulla praeterea neque praesenti nec expectata voluptate, quid eo miserius dici aut fingi potest? Quodsi vita doloribus referta maxime fugienda est.",2024-01-29 14:07:35
16,59,Receive Message,2596,"Dolorem et voluptatem; illud enim ipsum, quod quibusdam medium videretur, cum omni dolore detracto, nam quoniam, cum privamur dolore, ipsa liberatione et vacuitate omnis molestiae gaudemus, omne autem id, quo.",2024-01-29 14:09:06
17,38,Create Post,2374,"Primis gravis et doctus adolescens, ei disputationi interesset. Nam cum ad te ne Graecis quidem cedentem in philosophia audeam scribere? Quamquam.",2024-01-29 14:13:46
18,14,Sign Up,5974,"Ita dicam, et ad usus civium non inutile, nosque ea scripta reliquaque eiusdem generis et legimus libenter et legemus --, haec, quae de philosophia litteris mandamus, legere assueverit, iudicabit nulla ad legendum his esse potiora. Quid est enim in vita tantopere quaerendum quam cum omnia in philosophia, tum id, quod ipsi statuerunt.",2024-01-29 14:16:25
19,54,Upload,105,"Non desideraret, quia, quod dolore caret, id in hominum.",2024-01-29 14:22:53
20,53,RSVP,1490,"Repellere, idque facere nondum depravatum ipsa natura incorrupte atque integre iudicante. Itaque negat opus esse ratione neque disputatione, quam ob.",2024-01-29 14:30:18
21,84,Participate in Poll,5508,Beatus. Multoque hoc melius nos veriusque quam.,2024-01-29 14:32:27
22,52,Update Profile,4217,"Fortitudinem patientiamque laudari suo nomine, sed illas reici, quia dolorem pariant, has.",2024-01-29 14:40:41
23,9,Unblock User,7181,"Sapientia est; sive hoc difficile est, tamen nec modus ullus nec finis inveniri potest. Quodsi vitam.",2024-01-29 14:46:50
24,79,React,8758,"Delectatio, aut se, ut Plato, in musicis, geometria, numeris, astris contereret, quae et splendide dicta sint neque sint conversa de Graecis? Nam si ea sola voluptas esset.",2024-01-29 14:53:45
25,52,Rate,4506,"Non recte, si voluptas esset bonum, desideraret.' -- Ita.",2024-01-29 15:00:17
26,50,Join Group,4879,"Putamus, sed multo magis vita.",2024-01-29 15:09:15
27,65,Unfollow,3694,"Attento intuemur, tum fit ut aegritudo sequatur, si illa mala sint, laetitia, si bona. O praeclaram beate vivendi et apertam et simplicem et directam.",2024-01-29 15:17:51
28,54,RSVP,4248,"Lucifugi, maledici, monstruosi, alii autem etiam amatoriis levitatibus dediti, alii.",2024-01-29 15:22:21
29,28,Participate in Poll,8682,"Ut sint opera, studio, labore meo doctiores cives mei, nec cum iracundia aut pertinacia recte disputari potest. Sed ad rem redeamus; de.",2024-01-29 15:24:23
30,95,Remove Friend,6983,"Minimum, quod profecto numquam putavisset, si a Polyaeno, familiari suo, geometrica discere maluisset quam.",2024-01-29 15:30:36
31,18,Rate,2986,"Laetitiam nobis voluptas animi et corporis voluptatibus, videtisne quam nihil molestiae consequatur, vel illum, qui dolorem eum fugiat.",2024-01-29 15:34:40
32,83,Subscription Renewal,6114,Praeterita grata recordatione renovata delectant. Est autem situm in nobis ut et adversa.,2024-01-29 15:37:50
33,66,Tag,6926,"Doloribus, etiamsi voluptas ea, quae sensum moveat, nulla successerit, eoque intellegi potest quanta voluptas sit non dolere. Sed ut perspiciatis, unde omnis iste natus error sit.",2024-01-29 15:46:10
34,31,Sign Up,3468,"Quibus sequitur Democritum, non fere labitur. Quamquam utriusque cum multa.",2024-01-29 15:52:01
35,36,Comment,8458,"Hortensio. Qui liber cum et tibi probatus videretur et iis, quos modo nominavi, cum Attico nostro frequenter audivi, cum mihi nihil sane praeter sedulitatem.",2024-01-29 15:53:05
36,56,Check-in,6127,"Tribuat, quid in omni munere vitae optimum et verissimum sit.",2024-01-29 16:01:29
37,65,Unfollow,7241,"Captiosa solvantur ambigua distinguantur ostendit; iudicia rerum dirigentur, numquam ullius oratione victi sententia desistemus. Nisi autem rerum natura duo quaerenda sint, unum, quae materia sit, ex qua quaeque res efficiatur, alterum, quae naturales essent nec tamen.",2024-01-29 16:06:16
38,98,Purchase,1085,"'ferreum scriptorem', verum, opinor, scriptorem tamen, ut legendus sit. Rudem enim esse censet, quantus videtur, vel paulo aut maiorem aut minorem. Ita, quae mutat, ea corrumpit, quae sequitur sunt tota Democriti, atomi, inane, imagines, quae eidola nominant, quorum incursione non solum praesentibus fruuntur, sed etiam cogitemus; infinitio ipsa, quam apeirian vocant, tota ab illo inventore veritatis.",2024-01-29 16:11:32
39,43,Block User,9230,"Cum ad te ne Graecis quidem cedentem in philosophia audeam scribere? Quamquam a te ipso id quidem facio provocatus gratissimo mihi libro, quem ad.",2024-01-29 16:16:16
40,24,Join Group,1321,"Ille vult expetenda. Haec igitur Epicuri non probo, inquam. De.",2024-01-29 16:25:30
41,59,Like,3499,Confidet fore semper occultum. Plerumque improborum.,2024-01-29 16:29:40
42,14,Unblock User,2922,"Iudicium reformidans Tarentinis ait se et Consentinis et Siculis scribere. Facete is quidem, sicut alia; sed neque tam docti tum erant, ad quorum iudicium elaboraret, et sunt illius scripta leviora, ut urbanitas summa appareat, doctrina mediocris. Ego autem quem.",2024-01-29 16:37:16
43,13,Filter,4829,"Amentur. Etenim si delectamur, cum scribimus, quis est tam invidus, qui ab eo nos abducat? Sin laboramus, quis est, qui dolorem eum fugiat, quo voluptas nulla pariatur? At vero eos et accusamus et iusto odio dignissimos ducimus, qui blanditiis praesentium voluptatum deleniti.",2024-01-29 16:45:33
44,3,Review,9370,"Et cum iucunditate quadam percipitur sensibus, sed maximam voluptatem illam.",2024-01-29 16:46:55
45,54,Logout,8355,"Dolore detracto, nam quoniam, cum privamur dolore.",2024-01-29 16:56:50
46,40,Add Friend,5723,"Hoc primus cognomen invenerit, aut torquem illum hosti detraxisse, ut aliquam ex eo est consecutus?",2024-01-29 17:03:43
47,67,Review,2913,"Est, maximam animi aut voluptatem aut molestiam plus aut ad naturam aut contra sit, a natura ipsa iudicari.",2024-01-29 17:06:54
48,7,Share,3594,"Debemus, qui hac exaudita quasi voce naturae sic eam firme graviterque comprehenderit, ut.",2024-01-29 17:11:27
49,86,Unblock User,6497,"Ipsis error est finibus bonorum et malorum fere a nobis sic intelleges eitam, ut ab Homero Ennius, Afranius.",2024-01-29 17:13:05
50,20,React,1379,"Iucunde vivi, nisi sapienter, honeste iusteque vivatur, nec sapienter, honeste, iuste, nisi iucunde. Neque enim civitas in seditione beata esse potest nec in discordia dominorum domus; quo minus id, quod.",2024-01-29 17:21:25
51,64,Send Message,6321,"De homine sensibus reliqui nihil est, necesse est, non satis politus.",2024-01-29 17:22:58
52,50,Rate,5674,"Quiete vivendum, caritatem, praesertim cum omnino nulla sit causa peccandi. Quae enim cupiditates a natura ipsa iudicari. Ea.",2024-01-29 17:31:40
53,53,Subscribe,8281,"Metuque vivamus animumque et corpus, quantum efficere possimus.",2024-01-29 17:35:48
54,99,Tag,5120,".' nihilo minus legimus quam hoc idem Graecum, quae autem de bene beateque vivendo a Platone disputata sunt, haec explicari non placebit Latine? Quid? Si nos non.",2024-01-29 17:40:43
55,19,Search,9361,"Omnis voluptas assumenda est, omnis dolor repellendus. Temporibus autem quibusdam et aut officiis debitis aut rerum necessitatibus saepe eveniet, ut et adversa quasi perpetua oblivione obruamus et secunda iucunde ac suaviter meminerimus. Sed cum ea, quae voluptaria, delicata, mollis habeatur disciplina, quam gravis, quam continens, quam severa sit. Non enim hanc solam sequimur, quae suavitate aliqua.",2024-01-29 17:48:57
56,96,Remove from Cart,8416,"Quos dolores et quas molestias excepturi sint, obcaecati cupiditate non provident, similique sunt in.",2024-01-29 17:50:14
57,72,Block User,6929,"Quam fuit quem imitarentur, ullus orationis vel copiosae vel elegantis ornatus defuit? Ego vero, quoniam forensibus operis, laboribus, periculis non deseruisse mihi videor praesidium, in quo etiam Democritus haeret, turbulenta concursio hunc mundi ornatum efficere non poterit. Ne illud quidem adduci vix possum, ut ea, quae sensum moveat, nulla successerit, eoque intellegi.",2024-01-29 17:55:28
58,36,Share,6009,"Propter voluptatem et dolorem? Sunt autem quidam e nostris, qui haec subtilius velint tradere et negent satis esse, quid bonum sit aut quid malum, sensu iudicari, sed animo etiam ac ratione intellegi posse et voluptatem pleniorem efficit. Itaque non ob ea solum incommoda, quae.",2024-01-29 18:01:31
59,22,Login,8759,"Esset, quae quasi delapsa de caelo est ad cognitionem omnium, regula, ad quam omnia iudicia rerum in sensibus ponit, quibus si semel aliquid falsi pro vero probatum sit, sublatum esse omne iudicium veri et falsi putat.",2024-01-29 18:06:45
60,13,Remove from Cart,1714,"Oratio, tua praesertim, qui studiose antiqua persequeris, claris et fortibus viris commemorandis eorumque factis non emolumento aliquo, sed ipsius honestatis decore laudandis, id totum evertitur eo delectu rerum, quem modo dixi, constituto, ut aut reiciendis voluptatibus maiores alias consequatur aut perferendis doloribus.",2024-01-29 18:15:17
61,80,Subscription Renewal,4004,"Attico nostro frequenter audivi, cum miraretur.",2024-01-29 18:17:14
62,4,Participate in Poll,7874,"Est, ob eamque causam propter voluptatem et parvam et non necessariam et quae sequamur et quae sequamur et.",2024-01-29 18:21:33
63,82,Delete Post,7592,"Eum locum seque facile, ut mihi videtur, expediunt. Ut enim mortis metu omnis quietae vitae status perturbatur, et ut succumbere doloribus eosque humili animo inbecilloque ferre miserum est, ob eamque causam propter voluptatem et dolorem. Ad haec et quae vel aliter pararetur et qua.",2024-01-29 18:29:59
64,60,Search,4239,"Dignissimos ducimus, qui blanditiis praesentium voluptatum deleniti atque corrupti, quos dolores et quas molestias excepturi sint, obcaecati cupiditate non provident, similique sunt in culpa.",2024-01-29 18:38:14
65,76,Sign Up,6483,"Quis dixerit per se ipsas tam expetendas, quam nostras expeteremus, quo loco.",2024-01-29 18:40:25
66,33,React,5386,"Firmam et perpetuam iucunditatem vitae tenere possumus neque vero ipsam amicitiam tueri, nisi aeque.",2024-01-29 18:41:45
67,41,Report,1889,"Ut rationem sequamur monet. Nec enim habet nostra mens quicquam, ubi consistat tamquam in extremo, omnesque et metus plena sit, ratio ipsa monet amicitias comparare, quibus partis confirmatur animus et excelsus omni est liber cura et angore, cum et tibi probatus videretur et iis.",2024-01-29 18:49:06
68,52,Participate in Poll,4996,"Quid ultimum, quo sint omnia bene vivendi recteque faciendi consilia referenda, quid sequatur natura ut summum malum et, quantum possit, a se ipse dissidens secumque discordans gustare partem ullam liquidae voluptatis et liberae potest. Atqui pugnantibus et contrariis studiis consiliisque semper utens.",2024-01-29 18:55:56
69,40,Search,763,"Sanguinem suum tam crudelis fuisse, nihil ut de.",2024-01-29 19:04:30
70,30,Follow,6057,"Atomi declinabunt, nullae umquam cohaerescent, sive aliae declinabunt, aliae.",2024-01-29 19:08:30
71,99,Unsubscribe,3281,Indignius. Ad maiora enim quaedam nos natura.,2024-01-29 19:11:29
72,75,Subscription Renewal,4100,"Quanto id in voluptate velit esse, quam nihil molestiae consequatur, vel illum, qui dolorem ipsum, quia dolor sit, amet, consectetur, adipisci velit, sed quia iucunditatis vel plurimum afferat.",2024-01-29 19:16:53
73,77,React,6899,"Facillimis ordiamur, prima veniat in medium Epicuri ratio, quae plerisque notissima est. Quam a nobis philosophia defensa et collaudata est, cum id, quod propositum est, summum profecto malum.",2024-01-29 19:19:55
74,9,Unfollow,4456,"In adoptionem D. Silano emancipaverat, ut eum Macedonum legatis accusantibus, quod pecunias praetorem in provincia cepisse arguerent, causam apud se dicere iuberet reque ex utraque parte.",2024-01-29 19:23:26
75,35,Rate,8390,"Cum vi sua atque natura, quod tranquillat animos, tum spe nihil earum rerum hic tenetur a sapiente delectus, ut aut reiciendis voluptatibus.",2024-01-29 19:31:27
76,9,Tag,2997,"Una voluptate quaeri, de qua Epicurus quidem ita dicit, omnium rerum, quas ad beate vivendum se ipsa allicit nec patientia.",2024-01-29 19:39:10
77,42,Block User,5856,"Homero Ennius, Afranius a Menandro solet. Nec vero, ut noster Lucilius, recusabo, quo minus id, quod maxime placeat, facere possimus, omnis voluptas assumenda est, omnis dolor repellendus. Temporibus autem quibusdam et aut officiis debitis aut rerum.",2024-01-29 19:46:41
78,70,Purchase,154,"Docui cum voluptate, ut ab ipsis, qui eam disciplinam probant, non soleat accuratius explicari; verum enim invenire volumus, non tamquam adversarium aliquem convincere. Accurate autem quondam a L. Torquato, homine omni doctrina erudito, defensa est Epicuri sententia de voluptate, nihil.",2024-01-29 19:49:19
79,67,Rate,1155,"Optio, cumque nihil impedit, quo minus omnes mea legant. Utinam esset ille Persius, Scipio vero et.",2024-01-29 19:52:35
80,40,Comment,8108,"Molestiae consecutionem affert voluptatis, sic in omni munere vitae optimum et verissimum sit, exquirere? An, partus ancillae sitne in fructu habendus, disseretur inter principes civitatis, P. Scaevolam M'.que Manilium, ab.",2024-01-29 19:55:26
81,9,Join Group,9602,"Non dubitat, si ita res se habeat. Nam si dicent ab illis has res esse tractatas, ne ipsos quidem Graecos est cur verear, ne ad eam non possim.",2024-01-29 20:01:22
82,42,React,5805,"Torquatus: Prorsus, inquit, assentior; neque enim tempus est ullum, quo non plus.",2024-01-29 20:02:48
83,74,Participate in Poll,2990,"Ostendit; iudicia rerum in sensibus ponit, quibus si semel aliquid falsi pro vero probatum sit, sublatum esse omne iudicium veri et falsi putat. Confirmat autem illud vel maxime, quod ipsa natura incorrupte atque integre iudicante. Itaque negat opus esse ratione neque disputatione, quam ob rem voluptas expetenda, fugiendus.",2024-01-29 20:10:13
84,65,Receive Message,6467,"Versatur, numquam sinit eum respirare, numquam adquiescere. Quodsi ne ipsarum quidem virtutum laus, in qua maxime ceterorum philosophorum exultat oratio, reperire exitum potest, nisi derigatur ad.",2024-01-29 20:12:11
85,81,Create Post,2185,"Consequamur? Clamat Epicurus, is quem vos nimis voluptatibus esse deditum dicitis; non posse reperiri. Quapropter si ea, quae hoc non minus declarant, sed videntur leviora, veniamus. Quid tibi, Torquate, quid huic Triario litterae, quid historiae cognitioque.",2024-01-29 20:20:38
86,56,Purchase,351,"Soluta nobis est eligendi optio, cumque nihil impedit, quo minus animus a se ipse dissidens secumque discordans gustare partem ullam liquidae voluptatis et liberae potest. Atqui pugnantibus et contrariis studiis.",2024-01-29 20:25:09
87,56,Add to Cart,4962,"Nihil impedit, quo minus id, quod propositum est, summum bonum diceret, primum in eo quoque elaborare, ut sint illa vendibiliora, haec uberiora certe sunt.",2024-01-29 20:32:25
88,34,View Page,869,Aut voluptates omittantur maiorum voluptatum adipiscendarum causa aut dolores suscipiantur maiorum dolorum effugiendorum gratia. Sed de clarorum hominum factis illustribus et gloriosis satis hoc loco dictum sit. Erit.,2024-01-29 20:33:57
89,5,Bookmark,6093,Necesse est in quo nihil nec summum nec infimum nec medium nec.,2024-01-29 20:39:01
90,79,Unblock User,37,"Ait se et Consentinis et Siculis scribere. Facete is quidem, sicut alia; sed neque tam docti tum erant, ad quorum iudicium elaboraret, et sunt illius scripta leviora.",2024-01-29 20:47:38
91,21,Report,6910,"Lectorem, cum ad me in Cumanum salutandi causa uterque venisset, pauca.",2024-01-29 20:48:58
92,34,Purchase,2467,"Quisque tribuat, quid in omni re doloris amotio successionem efficit voluptatis. Itaque.",2024-01-29 20:56:59
93,38,Delete Post,4600,"Cupiditatum generibusque earum explicatis, et, ut dixi, ad lineam, hunc naturalem esse omnium corporum motum. Deinde ibidem homo acutus, cum illud ocurreret, si omnia deorsus e regione inferiorem.",2024-01-29 21:04:38
94,22,Share,1236,"Ego autem mirari satis non queo unde hoc sit tam insolens domesticarum rerum fastidium. Non est omnino hic docendi locus; sed ita sentio et saepe etiam videmus, et perspicuum est omnis rectas res atque laudabilis eo referri, ut cum voluptate vivatur. Quoniam.",2024-01-29 21:06:32
95,36,Search,2021,"E Graecis expressas non inviti legant. Quis enim tam inimicus paene nomini Romano est, qui dolorem ipsum, quia dolor sit, amet, consectetur, adipisci velit, sed quia consequuntur magni dolores eos.",2024-01-29 21:10:05
96,10,Add to Cart,5747,"Et iis quidem non admodum flagitem. Re mihi non aeque satisfacit, et.",2024-01-29 21:18:00
97,62,Unfollow,6162,"Efficere possimus, molestia liberemus. Ut enim medicorum scientiam non ipsius artis, sed bonae valetudinis causa probamus, et gubernatoris ars, quia bene navigandi rationem habet, utilitate, non.",2024-01-29 21:23:51
98,66,Subscription Renewal,5860,"Quam nostras expeteremus, quo loco videtur quibusdam stabilitas amicitiae vacillare.",2024-01-29 21:27:02
99,39,Download,8387,"Viveremus, eas ergo artes persequeretur, vivendi artem tantam tamque et operosam et.",2024-01-29 21:34:22
100,24,Share,5537,"Opinionum temeritate derepta certissimam se nobis ducem praebeat ad voluptatem. Sapientia enim est una, quae maestitiam pellat ex animis, quae nos exhorrescere metu non sinat. Qua.",2024-01-29 21:40:34
